order_id,order_date,customer_id,customer_name,region,channel,category,product,quantity,unit_price,discount_pct,total,payment_method,status,rating
ORD-100024,2025-01-01,CUST-1038,Reese Garcia,Central,Mobile App,Toys,Puzzle,2,91.2,5,173.28,Credit Card,Completed,4
ORD-100753,2025-01-02,CUST-1081,Riley Thomas,Central,Mobile App,Beauty,Lipstick,3,106.33,20,255.19,PayPal,Completed,4
ORD-100301,2025-01-03,CUST-1057,Skylar Jones,South,Web,Toys,Puzzle,4,33.6,10,120.96,Credit Card,Completed,4
ORD-100454,2025-01-03,CUST-1077,Emerson Clark,South,Web,Grocery,Olive Oil,1,54.46,0,54.46,Credit Card,Completed,1
ORD-100519,2025-01-03,CUST-1071,Taylor Wilson,West,Mobile App,Books,Cookbook,1,35.57,0,35.57,Credit Card,Completed,3
ORD-100564,2025-01-03,CUST-1092,Alex Perez,South,Web,Clothing,Jeans,6,172.49,0,1034.94,Debit Card,Completed,2
ORD-100680,2025-01-03,CUST-1050,Jordan Lewis,North,Marketplace,Books,Biography,1,37.73,0,37.73,PayPal,Refunded,
ORD-100247,2025-01-04,CUST-1119,Avery Smith,West,Web,Sports,Yoga Mat,1,154.91,10,139.42,PayPal,Cancelled,
ORD-100640,2025-01-04,CUST-1031,Jamie Harris,South,Mobile App,Grocery,Tea,1,17.84,0,17.84,PayPal,Completed,3
ORD-100291,2025-01-05,CUST-1028,Emerson Martinez,East,Marketplace,Toys,Doll,4,52.76,20,168.83,Debit Card,Completed,4
ORD-100800,2025-01-05,CUST-1055,Sam Miller,South,Mobile App,Grocery,Tea,1,11.2,0,11.2,Debit Card,Completed,5
ORD-100720,2025-01-06,CUST-1032,Taylor Johnson,West,Mobile App,Clothing,Dress,6,75.52,10,407.81,Credit Card,Completed,5
ORD-100722,2025-01-06,CUST-1086,Drew Walker,North,Marketplace,Toys,Puzzle,2,34.91,5,66.33,Cash,Completed,2
ORD-100383,2025-01-07,CUST-1086,Drew Walker,East,Mobile App,Books,Textbook,2,24.92,5,47.35,Credit Card,Completed,4
ORD-100404,2025-01-07,CUST-1015,Riley Harris,Central,Web,Books,Textbook,4,31.03,10,111.71,Credit Card,Completed,3
ORD-100548,2025-01-07,CUST-1036,Morgan Wilson,West,Marketplace,Beauty,Perfume,1,60.12,0,60.12,Credit Card,Pending,
ORD-100626,2025-01-07,CUST-1021,Morgan Lopez,West,In-Store,Grocery,Pasta,3,70.16,20,168.38,Debit Card,Completed,2
ORD-100730,2025-01-07,CUST-1029,Sage Allen,North,Web,Electronics,Camera,4,229.88,0,919.52,Credit Card,Completed,5
ORD-100180,2025-01-08,CUST-1027,Cameron Williams,West,Mobile App,Books,Atlas,1,59.98,0,59.98,Credit Card,Completed,1
ORD-100149,2025-01-09,CUST-1047,Emerson Davis,Central,Web,Beauty,Razor,1,56.99,0,56.99,Cash,Pending,
ORD-100173,2025-01-09,CUST-1030,Reese Lee,West,Web,Books,Novel,1,9.75,0,9.75,PayPal,Completed,4
ORD-100187,2025-01-09,CUST-1064,Reese Davis,East,In-Store,Sports,Dumbbells,1,61.12,0,61.12,Credit Card,Completed,3
ORD-100110,2025-01-10,CUST-1046,Quinn Young,North,Mobile App,Toys,Puzzle,7,57.84,10,364.39,Credit Card,Refunded,
ORD-100618,2025-01-11,CUST-1109,Emerson Clark,West,In-Store,Books,Cookbook,2,28.92,5,54.95,Bank Transfer,Completed,2
ORD-100674,2025-01-11,CUST-1097,Jordan Davis,South,Mobile App,Toys,Action Figure,6,60.09,0,360.54,Debit Card,Completed,
ORD-100539,2025-01-12,CUST-1111,Drew Wilson,West,Marketplace,Books,Comic,3,29.41,0,88.23,Debit Card,Completed,5
ORD-100116,2025-01-14,CUST-1053,Jamie Young,East,Web,Electronics,Tablet,2,391.88,25,587.82,Credit Card,Completed,3
ORD-100295,2025-01-14,CUST-1083,Quinn Martin,East,Mobile App,Grocery,Tea,1,36.39,0,36.39,Credit Card,Completed,3
ORD-100463,2025-01-15,CUST-1106,Parker Hall,West,Mobile App,Home,Vacuum,1,216.0,5,205.2,Cash,Completed,5
ORD-100588,2025-01-15,CUST-1031,Jamie Harris,South,In-Store,Toys,RC Car,2,148.78,0,297.56,Cash,Completed,5
ORD-100757,2025-01-15,CUST-1020,Taylor Wilson,South,Web,Beauty,Moisturizer,4,35.8,0,143.2,Credit Card,Pending,
ORD-100484,2025-01-16,CUST-1030,Reese Lee,South,Mobile App,Sports,Backpack,2,259.46,5,492.97,Credit Card,Completed,4
ORD-100219,2025-01-17,CUST-1057,Skylar Jones,Central,Mobile App,Toys,Board Game,5,22.18,15,94.26,Credit Card,Completed,3
ORD-100258,2025-01-18,CUST-1078,Quinn Clark,West,Mobile App,Books,Atlas,1,29.42,0,29.42,Credit Card,Completed,5
ORD-100271,2025-01-18,CUST-1037,Quinn Thomas,Central,Web,Electronics,Smart Watch,1,201.85,0,201.85,Cash,Completed,
ORD-100742,2025-01-18,CUST-1117,Finley Jackson,East,Mobile App,Beauty,Razor,3,15.05,5,42.89,Credit Card,Completed,5
ORD-100015,2025-01-19,CUST-1106,Parker Hall,East,Web,Beauty,Hair Dryer,2,58.42,0,116.84,Credit Card,Cancelled,
ORD-100352,2025-01-19,CUST-1070,Hayden Perez,South,In-Store,Toys,Doll,5,85.55,5,406.36,Credit Card,Completed,4
ORD-100469,2025-01-19,CUST-1058,Quinn Jones,East,Web,Sports,Backpack,5,68.44,0,342.2,Credit Card,Pending,
ORD-100079,2025-01-20,CUST-1038,Reese Garcia,Central,Marketplace,Grocery,Coffee Beans,1,71.54,0,71.54,Credit Card,Completed,3
ORD-100334,2025-01-21,CUST-1054,Finley Allen,North,Mobile App,Toys,Doll,1,32.53,15,27.65,Credit Card,Completed,5
ORD-100446,2025-01-22,CUST-1077,Emerson Clark,Central,Web,Sports,Backpack,1,254.31,10,228.88,Debit Card,Completed,5
ORD-100511,2025-01-22,CUST-1051,Sam Wilson,Central,Mobile App,Clothing,Jeans,4,138.45,0,553.8,Debit Card,Pending,
ORD-100521,2025-01-23,CUST-1006,Jordan Smith,North,Web,Beauty,Perfume,1,39.15,5,37.19,Cash,Completed,1
ORD-100243,2025-01-24,CUST-1060,Emerson Jackson,South,Marketplace,Beauty,Moisturizer,6,31.33,20,150.38,Credit Card,Completed,5
ORD-100144,2025-01-25,CUST-1006,Jordan Smith,West,Web,Toys,RC Car,2,128.0,5,243.2,Credit Card,Completed,5
ORD-100226,2025-01-25,CUST-1005,Finley Anderson,West,Web,Clothing,Dress,4,100.02,0,400.08,PayPal,Completed,5
ORD-100073,2025-01-26,CUST-1116,Sam Smith,South,In-Store,Grocery,Tea,4,22.26,10,80.14,Credit Card,Completed,4
ORD-100312,2025-01-26,CUST-1012,Avery Thomas,North,Web,Home,Coffee Maker,5,228.92,5,1087.37,Credit Card,Completed,2
ORD-100456,2025-01-26,CUST-1013,Finley Rodriguez,West,Mobile App,Sports,Dumbbells,1,131.64,5,125.06,Debit Card,Completed,3
ORD-100085,2025-01-27,CUST-1016,Hayden Hernandez,Central,Marketplace,Sports,Running Shoes,1,48.83,0,48.83,Credit Card,Completed,5
ORD-100095,2025-01-27,CUST-1019,Sam Brown,East,Marketplace,Home,Cookware Set,1,67.32,0,67.32,Credit Card,Completed,5
ORD-100492,2025-01-27,CUST-1084,Riley Martin,East,In-Store,Toys,Action Figure,3,50.15,0,150.45,Debit Card,Pending,
ORD-100003,2025-01-28,CUST-1086,Drew Walker,South,Marketplace,Clothing,T-Shirt,2,77.77,15,132.21,Credit Card,Completed,4
ORD-100047,2025-01-28,CUST-1070,Hayden Perez,West,In-Store,Toys,Action Figure,7,99.3,10,625.59,Credit Card,Completed,4
ORD-100332,2025-01-28,CUST-1001,Quinn Davis,Central,In-Store,Toys,Puzzle,3,119.33,15,304.29,PayPal,Cancelled,
ORD-100097,2025-01-29,CUST-1000,Morgan Smith,West,Marketplace,Books,Biography,7,47.9,10,301.77,Credit Card,Completed,5
ORD-100533,2025-01-29,CUST-1065,Casey Martin,Central,Web,Beauty,Lipstick,1,51.48,5,48.91,Credit Card,Completed,3
ORD-100617,2025-01-29,CUST-1095,Reese Allen,North,Marketplace,Clothing,Hat,7,85.56,0,598.92,Credit Card,Refunded,
ORD-100158,2025-01-31,CUST-1116,Sam Smith,West,Mobile App,Clothing,Dress,2,114.0,10,205.2,Bank Transfer,Cancelled,
ORD-100586,2025-01-31,CUST-1066,Rowan Williams,East,Marketplace,Books,Biography,2,20.5,10,36.9,PayPal,Pending,
ORD-100648,2025-01-31,CUST-1107,Sage Anderson,Central,In-Store,Beauty,Perfume,3,50.28,0,150.84,Debit Card,Completed,3
ORD-100250,2025-02-01,CUST-1055,Sam Miller,East,In-Store,Home,Vacuum,1,513.53,20,410.82,Credit Card,Pending,
ORD-100330,2025-02-01,CUST-1088,Jamie Jones,Central,Mobile App,Toys,Puzzle,4,14.52,10,52.27,Credit Card,Pending,
ORD-100643,2025-02-01,CUST-1050,Jordan Lewis,West,In-Store,Electronics,Speaker,6,268.88,0,1613.28,Bank Transfer,Refunded,
ORD-100123,2025-02-02,CUST-1091,Parker Young,Central,Marketplace,Grocery,Coffee Beans,1,8.29,0,8.29,Credit Card,Cancelled,
ORD-100587,2025-02-02,CUST-1081,Riley Thomas,North,Mobile App,Books,Textbook,1,22.93,0,22.93,Debit Card,Completed,5
ORD-100636,2025-02-02,CUST-1043,Riley Jackson,North,In-Store,Sports,Yoga Mat,3,70.26,0,210.78,Credit Card,Completed,3
ORD-100256,2025-02-03,CUST-1025,Skylar Jackson,South,Web,Grocery,Olive Oil,1,68.55,10,61.69,Credit Card,Cancelled,
ORD-100550,2025-02-03,CUST-1119,Avery Smith,South,Mobile App,Sports,Yoga Mat,1,264.55,0,264.55,Credit Card,Completed,5
ORD-100677,2025-02-03,CUST-1016,Hayden Hernandez,Central,Web,Toys,Doll,5,133.34,10,600.03,Credit Card,Pending,
ORD-100280,2025-02-04,CUST-1011,Emerson Anderson,North,Marketplace,Sports,Running Shoes,2,147.3,0,294.6,Credit Card,Pending,
ORD-100377,2025-02-04,CUST-1048,Sam Walker,South,In-Store,Books,Atlas,3,49.61,0,148.83,Credit Card,Completed,5
ORD-100094,2025-02-05,CUST-1018,Jamie Clark,Central,In-Store,Electronics,Laptop,3,361.94,0,1085.82,Credit Card,Completed,4
ORD-100746,2025-02-05,CUST-1099,Taylor Sanchez,South,Mobile App,Sports,Running Shoes,2,133.13,0,266.26,Credit Card,Completed,4
ORD-100001,2025-02-06,CUST-1090,Riley Jackson,South,Marketplace,Electronics,Headphones,1,95.55,0,95.55,Debit Card,Completed,4
ORD-100235,2025-02-06,CUST-1067,Jordan Hall,West,Mobile App,Electronics,Smart Watch,7,241.38,15,1436.21,Debit Card,Completed,
ORD-100010,2025-02-07,CUST-1001,Quinn Davis,North,In-Store,Grocery,Cereal,10,79.71,0,797.1,Credit Card,Completed,2
ORD-100236,2025-02-07,CUST-1002,Avery Jones,West,Marketplace,Clothing,T-Shirt,1,22.37,0,22.37,PayPal,Completed,3
ORD-100343,2025-02-07,CUST-1045,Skylar Wilson,North,Marketplace,Clothing,Jacket,4,70.75,0,283.0,PayPal,Completed,4
ORD-100503,2025-02-07,CUST-1035,Avery Hall,West,Web,Electronics,Tablet,2,1494.14,0,2988.28,PayPal,Completed,
ORD-100185,2025-02-08,CUST-1104,Rowan Jackson,East,Marketplace,Electronics,Laptop,2,1271.69,0,2543.38,PayPal,Completed,5
ORD-100030,2025-02-09,CUST-1091,Parker Young,South,Mobile App,Toys,Puzzle,1,54.76,0,54.76,Credit Card,Completed,5
ORD-100099,2025-02-09,CUST-1110,Jamie Harris,South,In-Store,Beauty,Hair Dryer,2,55.68,5,105.79,Credit Card,Completed,2
ORD-100130,2025-02-09,CUST-1073,Skylar Martin,West,Mobile App,Home,Cookware Set,2,202.34,0,404.68,Bank Transfer,Completed,4
ORD-100229,2025-02-09,CUST-1016,Hayden Hernandez,South,Marketplace,Books,Comic,3,8.48,5,24.17,PayPal,Refunded,
ORD-100424,2025-02-09,CUST-1092,Alex Perez,North,In-Store,Beauty,Moisturizer,1,101.18,5,96.12,Debit Card,Cancelled,
ORD-100126,2025-02-10,CUST-1055,Sam Miller,South,Marketplace,Home,Cookware Set,1,79.51,0,79.51,Credit Card,Completed,3
ORD-100155,2025-02-10,CUST-1044,Avery Garcia,South,In-Store,Grocery,Snack Box,1,40.93,0,40.93,Debit Card,Cancelled,
ORD-100188,2025-02-10,CUST-1047,Emerson Davis,North,Web,Sports,Tennis Racket,2,396.34,0,792.68,Debit Card,Pending,
ORD-100195,2025-02-12,CUST-1034,Drew Williams,East,Web,Home,Blender,3,387.66,10,1046.68,Credit Card,Completed,4
ORD-100237,2025-02-12,CUST-1081,Riley Thomas,West,In-Store,Home,Lamp,1,65.83,20,52.66,Bank Transfer,Completed,4
ORD-100779,2025-02-12,CUST-1032,Taylor Johnson,East,Mobile App,Sports,Backpack,1,101.41,5,96.34,Credit Card,Completed,4
ORD-100090,2025-02-13,CUST-1011,Emerson Anderson,North,In-Store,Sports,Yoga Mat,3,164.74,0,494.22,Credit Card,Cancelled,
ORD-100109,2025-02-13,CUST-1039,Reese Lopez,West,Web,Sports,Backpack,4,329.94,5,1253.77,PayPal,Completed,4
ORD-100205,2025-02-13,CUST-1013,Finley Rodriguez,East,Marketplace,Books,Atlas,3,16.65,5,47.45,Debit Card,Completed,
ORD-100701,2025-02-13,CUST-1017,Quinn Jones,West,Marketplace,Clothing,Jacket,2,80.04,0,160.08,Credit Card,Completed,4
ORD-100788,2025-02-13,CUST-1095,Reese Allen,West,Mobile App,Toys,Doll,6,123.17,0,739.02,Bank Transfer,Completed,4
ORD-100041,2025-02-14,CUST-1035,Avery Hall,South,In-Store,Grocery,Olive Oil,4,47.74,5,181.41,Credit Card,Completed,4
ORD-100627,2025-02-14,CUST-1016,Hayden Hernandez,South,Marketplace,Home,Coffee Maker,1,493.26,5,468.6,Credit Card,Completed,4
ORD-100269,2025-02-15,CUST-1105,Riley Rodriguez,North,Web,Beauty,Moisturizer,1,34.65,5,32.92,Credit Card,Completed,4
ORD-100760,2025-02-15,CUST-1043,Riley Jackson,East,Web,Books,Atlas,7,37.79,0,264.53,Credit Card,Completed,5
ORD-100055,2025-02-16,CUST-1029,Sage Allen,East,Marketplace,Electronics,Speaker,4,885.56,10,3188.02,Credit Card,Completed,5
ORD-100408,2025-02-16,CUST-1087,Parker Perez,South,Marketplace,Beauty,Razor,1,50.4,0,50.4,Debit Card,Completed,5
ORD-100138,2025-02-17,CUST-1064,Reese Davis,North,Web,Home,Cookware Set,7,109.43,5,727.71,PayPal,Completed,5
ORD-100272,2025-02-17,CUST-1043,Riley Jackson,East,Web,Grocery,Snack Box,1,75.68,0,75.68,Cash,Completed,5
ORD-100190,2025-02-18,CUST-1114,Morgan Davis,East,Web,Electronics,Headphones,1,1308.77,15,1112.45,Credit Card,Completed,1
ORD-100717,2025-02-18,CUST-1050,Jordan Lewis,South,Web,Electronics,Headphones,5,279.0,15,1185.75,Debit Card,Completed,1
ORD-100772,2025-02-18,CUST-1101,Taylor Clark,Central,Web,Home,Blender,2,393.87,0,787.74,Debit Card,Completed,5
ORD-100142,2025-02-19,CUST-1006,Jordan Smith,South,In-Store,Toys,RC Car,5,68.54,20,274.16,Cash,Completed,3
ORD-100664,2025-02-20,CUST-1040,Jamie White,Central,Mobile App,Home,Blender,5,169.6,20,678.4,Cash,Completed,4
ORD-100749,2025-02-21,CUST-1001,Quinn Davis,West,Web,Electronics,Smart Watch,4,60.48,0,241.92,Bank Transfer,Completed,4
ORD-100393,2025-02-22,CUST-1012,Avery Thomas,Central,In-Store,Clothing,Sneakers,2,19.88,0,39.76,PayPal,Completed,5
ORD-100505,2025-02-22,CUST-1004,Emerson Williams,North,Web,Clothing,T-Shirt,2,61.36,0,122.72,Cash,Completed,3
ORD-100615,2025-02-24,CUST-1107,Sage Anderson,Central,In-Store,Beauty,Shampoo,1,61.71,5,58.62,Credit Card,Completed,3
ORD-100638,2025-02-24,CUST-1100,Rowan Walker,East,Mobile App,Clothing,Hat,1,34.5,5,32.77,PayPal,Cancelled,
ORD-100092,2025-02-25,CUST-1044,Avery Garcia,Central,Web,Beauty,Lipstick,4,74.0,10,266.4,PayPal,Refunded,
ORD-100156,2025-02-25,CUST-1078,Quinn Clark,West,In-Store,Books,Cookbook,1,55.07,0,55.07,Credit Card,Completed,5
ORD-100561,2025-02-25,CUST-1004,Emerson Williams,Central,Web,Electronics,Tablet,1,416.87,0,416.87,Debit Card,Completed,5
ORD-100799,2025-02-25,CUST-1101,Taylor Clark,West,In-Store,Electronics,Headphones,1,775.0,10,697.5,Credit Card,Completed,
ORD-100161,2025-02-27,CUST-1042,Taylor Perez,South,Mobile App,Home,Air Purifier,2,169.21,0,338.42,PayPal,Completed,4
ORD-100477,2025-02-27,CUST-1044,Avery Garcia,North,Marketplace,Grocery,Pasta,4,26.17,0,104.68,Debit Card,Completed,5
ORD-100591,2025-02-27,CUST-1073,Skylar Martin,South,Web,Clothing,Hat,3,122.38,10,330.43,Debit Card,Completed,4
ORD-100209,2025-02-28,CUST-1002,Avery Jones,East,Mobile App,Beauty,Razor,1,98.41,20,78.73,PayPal,Completed,4
ORD-100322,2025-02-28,CUST-1012,Avery Thomas,North,Web,Books,Novel,1,51.15,20,40.92,Credit Card,Completed,1
ORD-100579,2025-02-28,CUST-1043,Riley Jackson,East,Marketplace,Home,Coffee Maker,2,41.68,5,79.19,Credit Card,Completed,5
ORD-100496,2025-03-01,CUST-1006,Jordan Smith,West,Marketplace,Home,Blender,2,194.79,10,350.62,PayPal,Completed,4
ORD-100309,2025-03-02,CUST-1036,Morgan Wilson,West,In-Store,Clothing,T-Shirt,2,127.67,10,229.81,PayPal,Refunded,
ORD-100461,2025-03-02,CUST-1094,Alex Brown,South,Web,Books,Comic,10,29.53,0,295.3,Debit Card,Completed,3
ORD-100769,2025-03-02,CUST-1065,Casey Martin,West,Marketplace,Beauty,Hair Dryer,2,28.05,10,50.49,Credit Card,Completed,5
ORD-100045,2025-03-03,CUST-1092,Alex Perez,East,Marketplace,Books,Biography,1,35.86,10,32.27,Credit Card,Completed,3
ORD-100252,2025-03-03,CUST-1068,Morgan Jones,Central,In-Store,Beauty,Shampoo,2,62.04,15,105.47,Credit Card,Completed,5
ORD-100458,2025-03-04,CUST-1088,Jamie Jones,West,Web,Toys,Board Game,2,83.45,5,158.55,Debit Card,Completed,3
ORD-100752,2025-03-04,CUST-1111,Drew Wilson,South,Marketplace,Toys,Action Figure,4,44.8,0,179.2,Debit Card,Pending,
ORD-100288,2025-03-05,CUST-1087,Parker Perez,East,In-Store,Electronics,Headphones,2,911.36,0,1822.72,PayPal,Completed,5
ORD-100129,2025-03-06,CUST-1008,Avery Martin,East,In-Store,Books,Atlas,2,27.91,0,55.82,Debit Card,Completed,4
ORD-100609,2025-03-07,CUST-1063,Finley Wilson,Central,In-Store,Toys,Action Figure,2,70.21,15,119.36,Credit Card,Pending,
ORD-100653,2025-03-07,CUST-1062,Finley Anderson,South,Web,Grocery,Olive Oil,8,43.49,0,347.92,Debit Card,Completed,
ORD-100473,2025-03-08,CUST-1003,Morgan White,Central,Marketplace,Grocery,Snack Box,1,33.77,0,33.77,Credit Card,Completed,4
ORD-100696,2025-03-08,CUST-1101,Taylor Clark,Central,Web,Books,Cookbook,2,44.11,0,88.22,Credit Card,Completed,4
ORD-100493,2025-03-09,CUST-1078,Quinn Clark,West,Mobile App,Toys,Board Game,5,11.99,0,59.95,Credit Card,Completed,4
ORD-100540,2025-03-09,CUST-1114,Morgan Davis,East,Mobile App,Toys,Puzzle,4,41.75,0,167.0,Credit Card,Pending,
ORD-100732,2025-03-10,CUST-1035,Avery Hall,South,Web,Beauty,Razor,4,16.28,10,58.61,Credit Card,Completed,2
ORD-100797,2025-03-10,CUST-1050,Jordan Lewis,North,In-Store,Sports,Backpack,1,36.85,5,35.01,Bank Transfer,Cancelled,
ORD-100132,2025-03-11,CUST-1109,Emerson Clark,East,In-Store,Clothing,Sneakers,1,146.97,25,110.23,PayPal,Refunded,
ORD-100117,2025-03-12,CUST-1004,Emerson Williams,North,Web,Toys,RC Car,3,29.43,5,83.88,Credit Card,Completed,5
ORD-100157,2025-03-12,CUST-1000,Morgan Smith,East,In-Store,Home,Blender,3,530.78,0,1592.34,Debit Card,Completed,5
ORD-100531,2025-03-12,CUST-1111,Drew Wilson,West,Web,Sports,Dumbbells,4,163.91,0,655.64,Debit Card,Pending,
ORD-100695,2025-03-12,CUST-1048,Sam Walker,North,Marketplace,Clothing,Jacket,7,71.44,0,500.08,PayPal,Completed,5
ORD-100134,2025-03-13,CUST-1030,Reese Lee,North,Web,Grocery,Coffee Beans,2,47.92,0,95.84,Bank Transfer,Completed,5
ORD-100148,2025-03-13,CUST-1041,Quinn Harris,Central,Marketplace,Beauty,Shampoo,2,78.58,15,133.59,Debit Card,Completed,5
ORD-100693,2025-03-14,CUST-1037,Quinn Thomas,South,In-Store,Grocery,Olive Oil,3,73.45,0,220.35,Bank Transfer,Completed,5
ORD-100070,2025-03-15,CUST-1029,Sage Allen,North,Mobile App,Grocery,Snack Box,1,24.15,0,24.15,PayPal,Cancelled,
ORD-100175,2025-03-15,CUST-1084,Riley Martin,Central,Marketplace,Books,Textbook,1,11.17,20,8.94,PayPal,Cancelled,
ORD-100557,2025-03-15,CUST-1001,Quinn Davis,South,Mobile App,Home,Cookware Set,1,471.71,0,471.71,Cash,Completed,4
ORD-100497,2025-03-16,CUST-1067,Jordan Hall,North,Web,Sports,Yoga Mat,1,323.99,0,323.99,Credit Card,Completed,1
ORD-100026,2025-03-17,CUST-1003,Morgan White,West,Mobile App,Electronics,Headphones,9,936.35,10,7584.43,Credit Card,Pending,
ORD-100118,2025-03-18,CUST-1070,Hayden Perez,North,Marketplace,Sports,Yoga Mat,4,114.12,0,456.48,Credit Card,Completed,5
ORD-100386,2025-03-18,CUST-1060,Emerson Jackson,West,In-Store,Electronics,Headphones,2,244.98,15,416.47,Debit Card,Completed,5
ORD-100341,2025-03-20,CUST-1003,Morgan White,East,Mobile App,Grocery,Snack Box,1,11.56,0,11.56,PayPal,Completed,4
ORD-100468,2025-03-20,CUST-1024,Jordan Sanchez,South,Mobile App,Beauty,Moisturizer,3,68.55,10,185.08,Credit Card,Pending,
ORD-100552,2025-03-20,CUST-1033,Avery Clark,South,Marketplace,Toys,Action Figure,4,76.16,5,289.41,Cash,Completed,5
ORD-100080,2025-03-21,CUST-1113,Parker Thomas,South,In-Store,Sports,Backpack,1,208.51,0,208.51,Bank Transfer,Completed,4
ORD-100051,2025-03-22,CUST-1030,Reese Lee,East,Mobile App,Home,Cookware Set,1,21.55,0,21.55,Debit Card,Completed,3
ORD-100242,2025-03-22,CUST-1032,Taylor Johnson,South,Web,Clothing,Hat,3,36.34,10,98.12,Credit Card,Pending,
ORD-100318,2025-03-22,CUST-1064,Reese Davis,Central,Web,Grocery,Pasta,5,10.61,0,53.05,Credit Card,Refunded,
ORD-100358,2025-03-22,CUST-1046,Quinn Young,Central,Mobile App,Clothing,Dress,1,165.07,10,148.56,Credit Card,Completed,5
ORD-100373,2025-03-22,CUST-1011,Emerson Anderson,North,Web,Toys,RC Car,2,65.32,0,130.64,Debit Card,Completed,4
ORD-100576,2025-03-22,CUST-1064,Reese Davis,East,In-Store,Electronics,Tablet,1,907.02,0,907.02,Debit Card,Completed,5
ORD-100315,2025-03-23,CUST-1013,Finley Rodriguez,South,Web,Sports,Running Shoes,2,238.35,0,476.7,Debit Card,Completed,4
ORD-100354,2025-03-23,CUST-1022,Reese Perez,East,In-Store,Home,Air Purifier,3,564.72,0,1694.16,PayPal,Completed,5
ORD-100114,2025-03-24,CUST-1104,Rowan Jackson,Central,Web,Books,Comic,1,21.0,5,19.95,PayPal,Completed,2
ORD-100634,2025-03-24,CUST-1079,Sam Brown,North,Marketplace,Books,Biography,3,12.48,0,37.44,Credit Card,Completed,3
ORD-100112,2025-03-25,CUST-1023,Quinn Lewis,West,In-Store,Home,Air Purifier,2,258.3,5,490.77,Credit Card,Completed,5
ORD-100767,2025-03-25,CUST-1073,Skylar Martin,East,Web,Home,Blender,3,188.83,0,566.49,Credit Card,Completed,3
ORD-100167,2025-03-26,CUST-1041,Quinn Harris,West,Web,Grocery,Coffee Beans,3,58.77,0,176.31,Cash,Completed,5
ORD-100659,2025-03-26,CUST-1090,Riley Jackson,South,Web,Electronics,Camera,3,1168.81,0,3506.43,Debit Card,Completed,
ORD-100360,2025-03-27,CUST-1033,Avery Clark,North,In-Store,Home,Cookware Set,7,367.63,0,2573.41,Credit Card,Completed,5
ORD-100556,2025-03-27,CUST-1069,Riley Lewis,Central,Web,Beauty,Perfume,4,85.98,0,343.92,Debit Card,Completed,4
ORD-100025,2025-03-28,CUST-1084,Riley Martin,South,In-Store,Clothing,Jacket,2,132.09,0,264.18,PayPal,Completed,2
ORD-100101,2025-03-28,CUST-1009,Sage Smith,South,Mobile App,Clothing,Hat,2,182.6,0,365.2,PayPal,Completed,5
ORD-100349,2025-03-28,CUST-1000,Morgan Smith,West,In-Store,Beauty,Shampoo,4,88.92,5,337.9,Credit Card,Completed,4
ORD-100608,2025-03-28,CUST-1064,Reese Davis,East,Web,Grocery,Tea,5,14.89,0,74.45,Debit Card,Completed,5
ORD-100667,2025-03-28,CUST-1100,Rowan Walker,South,In-Store,Books,Comic,7,57.99,0,405.93,Credit Card,Completed,5
ORD-100735,2025-03-30,CUST-1075,Alex White,South,Marketplace,Books,Cookbook,2,30.16,0,60.32,Credit Card,Completed,4
ORD-100075,2025-03-31,CUST-1025,Skylar Jackson,East,Marketplace,Home,Cookware Set,5,232.2,0,1161.0,Credit Card,Completed,3
ORD-100375,2025-03-31,CUST-1052,Quinn Williams,West,In-Store,Clothing,Hat,1,69.44,20,55.55,PayPal,Cancelled,
ORD-100494,2025-03-31,CUST-1033,Avery Clark,West,Mobile App,Books,Textbook,1,35.42,0,35.42,Bank Transfer,Refunded,
ORD-100729,2025-03-31,CUST-1081,Riley Thomas,Central,Mobile App,Beauty,Razor,2,48.19,5,91.56,Debit Card,Completed,4
ORD-100017,2025-04-01,CUST-1112,Reese Thomas,East,Mobile App,Sports,Yoga Mat,1,371.68,10,334.51,Credit Card,Completed,5
ORD-100159,2025-04-01,CUST-1119,Avery Smith,North,Web,Electronics,Tablet,4,320.15,10,1152.54,PayPal,Completed,5
ORD-100363,2025-04-01,CUST-1060,Emerson Jackson,West,Web,Electronics,Camera,2,220.4,0,440.8,Credit Card,Completed,4
ORD-100522,2025-04-01,CUST-1020,Taylor Wilson,South,Marketplace,Electronics,Tablet,2,152.75,0,305.5,Credit Card,Completed,3
ORD-100711,2025-04-01,CUST-1004,Emerson Williams,West,Web,Grocery,Coffee Beans,1,10.21,20,8.17,Credit Card,Completed,5
ORD-100517,2025-04-02,CUST-1118,Avery Lee,South,Mobile App,Clothing,Dress,3,179.08,0,537.24,PayPal,Completed,5
ORD-100385,2025-04-03,CUST-1073,Skylar Martin,South,Marketplace,Home,Cookware Set,3,492.23,10,1329.02,PayPal,Completed,5
ORD-100214,2025-04-04,CUST-1047,Emerson Davis,Central,Mobile App,Home,Cookware Set,2,365.93,0,731.86,Credit Card,Completed,5
ORD-100336,2025-04-05,CUST-1066,Rowan Williams,East,In-Store,Clothing,Hat,1,115.47,0,115.47,Credit Card,Pending,
ORD-100008,2025-04-06,CUST-1008,Avery Martin,Central,Web,Clothing,Dress,5,89.7,20,358.8,Debit Card,Completed,5
ORD-100466,2025-04-06,CUST-1076,Morgan White,East,Mobile App,Clothing,Jacket,3,73.18,0,219.54,Credit Card,Completed,4
ORD-100485,2025-04-07,CUST-1071,Taylor Wilson,North,Web,Sports,Bike,4,82.85,25,248.55,Debit Card,Completed,5
ORD-100558,2025-04-07,CUST-1101,Taylor Clark,East,In-Store,Clothing,Sneakers,2,29.13,10,52.43,Cash,Completed,5
ORD-100611,2025-04-07,CUST-1019,Sam Brown,North,Marketplace,Electronics,Headphones,1,731.86,0,731.86,Credit Card,Completed,4
ORD-100021,2025-04-08,CUST-1032,Taylor Johnson,East,Mobile App,Electronics,Speaker,2,803.88,10,1446.98,Debit Card,Cancelled,
ORD-100273,2025-04-08,CUST-1052,Quinn Williams,North,Mobile App,Toys,Action Figure,1,43.26,0,43.26,Debit Card,Pending,
ORD-100019,2025-04-09,CUST-1051,Sam Wilson,North,In-Store,Beauty,Perfume,5,116.42,0,582.1,Debit Card,Completed,5
ORD-100153,2025-04-09,CUST-1031,Jamie Harris,East,Marketplace,Toys,Doll,1,141.81,25,106.36,PayPal,Completed,4
ORD-100299,2025-04-10,CUST-1064,Reese Davis,East,Mobile App,Clothing,Dress,2,70.2,0,140.4,PayPal,Completed,4
ORD-100351,2025-04-11,CUST-1033,Avery Clark,Central,Marketplace,Clothing,Dress,1,18.45,0,18.45,Credit Card,Completed,5
ORD-100739,2025-04-11,CUST-1019,Sam Brown,East,Marketplace,Books,Novel,1,34.04,10,30.64,Credit Card,Cancelled,
ORD-100038,2025-04-12,CUST-1009,Sage Smith,East,Web,Books,Novel,3,23.68,5,67.49,PayPal,Completed,4
ORD-100255,2025-04-12,CUST-1105,Riley Rodriguez,North,Web,Sports,Bike,3,376.59,0,1129.77,Debit Card,Cancelled,
ORD-100201,2025-04-13,CUST-1061,Quinn Sanchez,East,Mobile App,Beauty,Shampoo,8,116.62,0,932.96,Debit Card,Completed,4
ORD-100287,2025-04-13,CUST-1107,Sage Anderson,Central,Marketplace,Electronics,Headphones,1,123.31,0,123.31,Credit Card,Completed,4
ORD-100379,2025-04-13,CUST-1030,Reese Lee,North,Web,Books,Biography,1,18.54,0,18.54,Debit Card,Completed,1
ORD-100504,2025-04-13,CUST-1078,Quinn Clark,West,Web,Sports,Dumbbells,3,65.66,0,196.98,Credit Card,Completed,3
ORD-100562,2025-04-13,CUST-1023,Quinn Lewis,Central,Mobile App,Beauty,Lipstick,1,103.35,20,82.68,Bank Transfer,Completed,3
ORD-100414,2025-04-14,CUST-1013,Finley Rodriguez,North,In-Store,Grocery,Olive Oil,1,47.83,10,43.05,Debit Card,Completed,4
ORD-100525,2025-04-14,CUST-1042,Taylor Perez,East,Mobile App,Home,Coffee Maker,3,54.6,0,163.8,PayPal,Completed,5
ORD-100700,2025-04-14,CUST-1057,Skylar Jones,Central,In-Store,Books,Textbook,1,30.1,0,30.1,Credit Card,Pending,
ORD-100534,2025-04-15,CUST-1017,Quinn Jones,South,Mobile App,Beauty,Shampoo,2,82.1,10,147.78,PayPal,Pending,
ORD-100538,2025-04-15,CUST-1066,Rowan Williams,East,Web,Electronics,Smart Watch,2,1039.48,20,1663.17,Credit Card,Completed,5
ORD-100645,2025-04-16,CUST-1113,Parker Thomas,North,Web,Grocery,Snack Box,1,65.89,5,62.6,PayPal,Pending,
ORD-100661,2025-04-16,CUST-1031,Jamie Harris,East,Web,Grocery,Coffee Beans,4,50.51,0,202.04,Credit Card,Pending,
ORD-100713,2025-04-16,CUST-1016,Hayden Hernandez,Central,Mobile App,Books,Biography,2,44.9,0,89.8,Debit Card,Cancelled,
ORD-100405,2025-04-17,CUST-1060,Emerson Jackson,East,Web,Sports,Backpack,8,376.08,0,3008.64,PayPal,Completed,4
ORD-100465,2025-04-17,CUST-1073,Skylar Martin,Central,Mobile App,Beauty,Perfume,1,28.12,15,23.9,Credit Card,Completed,4
ORD-100479,2025-04-17,CUST-1104,Rowan Jackson,North,Marketplace,Sports,Tennis Racket,2,153.33,5,291.33,Credit Card,Completed,4
ORD-100016,2025-04-18,CUST-1087,Parker Perez,South,Mobile App,Books,Atlas,1,48.57,15,41.28,Credit Card,Completed,2
ORD-100706,2025-04-18,CUST-1060,Emerson Jackson,East,Web,Books,Comic,2,36.74,0,73.48,PayPal,Completed,2
ORD-100515,2025-04-20,CUST-1097,Jordan Davis,Central,In-Store,Electronics,Camera,1,141.67,0,141.67,PayPal,Completed,5
ORD-100582,2025-04-20,CUST-1036,Morgan Wilson,Central,Web,Toys,Lego Set,1,90.29,10,81.26,Debit Card,Cancelled,
ORD-100527,2025-04-21,CUST-1075,Alex White,Central,Mobile App,Grocery,Pasta,1,59.75,10,53.78,Credit Card,Completed,
ORD-100656,2025-04-21,CUST-1023,Quinn Lewis,East,Marketplace,Grocery,Coffee Beans,1,31.15,15,26.48,Credit Card,Completed,3
ORD-100778,2025-04-21,CUST-1017,Quinn Jones,South,Marketplace,Books,Comic,2,14.68,5,27.89,Credit Card,Completed,4
ORD-100292,2025-04-22,CUST-1059,Avery Sanchez,Central,In-Store,Toys,Action Figure,2,97.3,0,194.6,Credit Card,Refunded,
ORD-100165,2025-04-23,CUST-1017,Quinn Jones,South,Mobile App,Grocery,Olive Oil,2,79.16,0,158.32,PayPal,Cancelled,
ORD-100514,2025-04-23,CUST-1008,Avery Martin,East,Mobile App,Books,Textbook,1,51.47,10,46.32,Credit Card,Completed,2
ORD-100296,2025-04-24,CUST-1087,Parker Perez,North,In-Store,Grocery,Snack Box,2,27.51,0,55.02,Debit Card,Completed,4
ORD-100422,2025-04-24,CUST-1027,Cameron Williams,North,Mobile App,Beauty,Lipstick,4,113.88,10,409.97,Cash,Completed,5
ORD-100427,2025-04-24,CUST-1019,Sam Brown,West,Mobile App,Electronics,Speaker,3,619.68,0,1859.04,Debit Card,Completed,5
ORD-100319,2025-04-25,CUST-1070,Hayden Perez,West,Marketplace,Sports,Tennis Racket,4,54.56,0,218.24,Debit Card,Completed,5
ORD-100053,2025-04-26,CUST-1082,Alex Sanchez,West,In-Store,Home,Lamp,4,61.42,0,245.68,Credit Card,Completed,5
ORD-100060,2025-04-26,CUST-1107,Sage Anderson,West,In-Store,Clothing,Sneakers,7,134.83,0,943.81,Bank Transfer,Completed,2
ORD-100782,2025-04-26,CUST-1035,Avery Hall,Central,Mobile App,Electronics,Laptop,2,1454.72,0,2909.44,Credit Card,Cancelled,
ORD-100089,2025-04-27,CUST-1052,Quinn Williams,West,Mobile App,Beauty,Moisturizer,2,90.8,0,181.6,Credit Card,Completed,5
ORD-100391,2025-04-27,CUST-1040,Jamie White,Central,In-Store,Beauty,Razor,1,40.89,5,38.85,Credit Card,Completed,4
ORD-100172,2025-04-28,CUST-1031,Jamie Harris,Central,Marketplace,Grocery,Tea,1,19.14,15,16.27,PayPal,Completed,3
ORD-100249,2025-04-29,CUST-1114,Morgan Davis,North,Marketplace,Sports,Backpack,5,196.92,10,886.14,Debit Card,Completed,4
ORD-100443,2025-04-29,CUST-1076,Morgan White,East,Marketplace,Books,Cookbook,3,26.68,5,76.04,Credit Card,Completed,5
ORD-100402,2025-04-30,CUST-1011,Emerson Anderson,North,Marketplace,Home,Coffee Maker,2,218.31,0,436.62,PayPal,Refunded,
ORD-100512,2025-04-30,CUST-1118,Avery Lee,South,Mobile App,Clothing,T-Shirt,3,105.45,0,316.35,Cash,Completed,5
ORD-100081,2025-05-01,CUST-1109,Emerson Clark,South,In-Store,Beauty,Lipstick,9,51.67,15,395.28,Debit Card,Completed,
ORD-100278,2025-05-01,CUST-1060,Emerson Jackson,North,Mobile App,Toys,Lego Set,2,129.55,0,259.1,Debit Card,Completed,
ORD-100005,2025-05-02,CUST-1021,Morgan Lopez,East,Marketplace,Sports,Tennis Racket,2,349.24,15,593.71,Credit Card,Completed,1
ORD-100072,2025-05-02,CUST-1048,Sam Walker,Central,Web,Beauty,Hair Dryer,1,87.52,0,87.52,PayPal,Completed,2
ORD-100542,2025-05-02,CUST-1014,Alex Clark,East,In-Store,Electronics,Smart Watch,2,689.29,0,1378.58,Credit Card,Completed,5
ORD-100113,2025-05-03,CUST-1039,Reese Lopez,Central,Marketplace,Grocery,Olive Oil,2,76.03,25,114.04,Credit Card,Completed,4
ORD-100530,2025-05-03,CUST-1082,Alex Sanchez,West,Web,Clothing,T-Shirt,2,71.39,5,135.64,PayPal,Completed,4
ORD-100692,2025-05-03,CUST-1061,Quinn Sanchez,North,In-Store,Beauty,Razor,2,55.23,10,99.41,Credit Card,Completed,4
ORD-100724,2025-05-03,CUST-1025,Skylar Jackson,North,Mobile App,Clothing,T-Shirt,2,198.02,0,396.04,Credit Card,Completed,3
ORD-100499,2025-05-04,CUST-1093,Sam Moore,North,Web,Books,Comic,1,43.89,0,43.89,Debit Card,Completed,4
ORD-100151,2025-05-05,CUST-1004,Emerson Williams,North,Marketplace,Clothing,Jeans,1,73.03,0,73.03,Debit Card,Completed,3
ORD-100432,2025-05-05,CUST-1079,Sam Brown,Central,Mobile App,Home,Lamp,1,422.4,0,422.4,Credit Card,Completed,5
ORD-100516,2025-05-05,CUST-1118,Avery Lee,North,Marketplace,Electronics,Headphones,1,1278.68,5,1214.75,PayPal,Completed,5
ORD-100069,2025-05-06,CUST-1067,Jordan Hall,West,Mobile App,Sports,Running Shoes,3,92.52,0,277.56,Debit Card,Completed,1
ORD-100233,2025-05-07,CUST-1035,Avery Hall,South,In-Store,Clothing,Jeans,2,126.0,5,239.4,PayPal,Completed,4
ORD-100614,2025-05-07,CUST-1098,Finley Williams,Central,In-Store,Grocery,Snack Box,1,29.65,0,29.65,Bank Transfer,Completed,1
ORD-100681,2025-05-08,CUST-1025,Skylar Jackson,East,In-Store,Home,Lamp,1,383.08,0,383.08,Credit Card,Completed,5
ORD-100502,2025-05-10,CUST-1037,Quinn Thomas,East,In-Store,Grocery,Snack Box,7,52.91,20,296.3,Credit Card,Completed,5
ORD-100462,2025-05-11,CUST-1101,Taylor Clark,Central,Marketplace,Clothing,Jacket,1,116.75,10,105.07,Credit Card,Completed,4
ORD-100663,2025-05-11,CUST-1098,Finley Williams,North,Web,Clothing,Jeans,1,90.35,0,90.35,Debit Card,Completed,5
ORD-100741,2025-05-11,CUST-1098,Finley Williams,South,Marketplace,Beauty,Hair Dryer,3,80.58,0,241.74,Credit Card,Completed,5
ORD-100102,2025-05-12,CUST-1025,Skylar Jackson,Central,Marketplace,Home,Cookware Set,1,460.31,0,460.31,Bank Transfer,Completed,3
ORD-100687,2025-05-12,CUST-1045,Skylar Wilson,Central,In-Store,Sports,Tennis Racket,3,191.73,0,575.19,PayPal,Completed,4
ORD-100289,2025-05-13,CUST-1095,Reese Allen,South,Mobile App,Clothing,Jacket,1,24.19,15,20.56,PayPal,Completed,3
ORD-100297,2025-05-13,CUST-1092,Alex Perez,East,Marketplace,Home,Air Purifier,5,399.57,0,1997.85,Credit Card,Pending,
ORD-100476,2025-05-13,CUST-1116,Sam Smith,North,Marketplace,Beauty,Moisturizer,1,111.06,0,111.06,PayPal,Completed,5
ORD-100020,2025-05-14,CUST-1022,Reese Perez,West,Web,Toys,Lego Set,1,70.84,10,63.76,Credit Card,Completed,1
ORD-100605,2025-05-15,CUST-1030,Reese Lee,West,In-Store,Grocery,Olive Oil,2,56.32,0,112.64,Credit Card,Completed,3
ORD-100694,2025-05-15,CUST-1092,Alex Perez,North,Web,Home,Lamp,4,162.66,0,650.64,Credit Card,Completed,2
ORD-100013,2025-05-16,CUST-1064,Reese Davis,East,Web,Grocery,Tea,6,68.46,0,410.76,Credit Card,Completed,3
ORD-100145,2025-05-16,CUST-1093,Sam Moore,West,Web,Beauty,Moisturizer,2,55.26,0,110.52,Credit Card,Completed,4
ORD-100506,2025-05-17,CUST-1019,Sam Brown,Central,Web,Beauty,Moisturizer,2,67.66,20,108.26,Credit Card,Completed,5
ORD-100750,2025-05-17,CUST-1119,Avery Smith,South,In-Store,Grocery,Pasta,4,50.33,0,201.32,Debit Card,Completed,
ORD-100290,2025-05-18,CUST-1083,Quinn Martin,Central,Mobile App,Sports,Running Shoes,1,317.61,10,285.85,Credit Card,Cancelled,
ORD-100488,2025-05-18,CUST-1052,Quinn Williams,South,Web,Beauty,Lipstick,8,73.36,5,557.54,Credit Card,Completed,3
ORD-100196,2025-05-19,CUST-1013,Finley Rodriguez,Central,In-Store,Home,Coffee Maker,1,280.33,0,280.33,Credit Card,Completed,5
ORD-100260,2025-05-19,CUST-1023,Quinn Lewis,Central,Marketplace,Electronics,Smart Watch,2,92.49,10,166.48,Credit Card,Completed,4
ORD-100518,2025-05-19,CUST-1066,Rowan Williams,East,Web,Grocery,Pasta,1,18.09,5,17.19,Debit Card,Completed,5
ORD-100781,2025-05-19,CUST-1015,Riley Harris,South,In-Store,Clothing,Dress,2,27.2,5,51.68,Credit Card,Completed,2
ORD-100241,2025-05-20,CUST-1067,Jordan Hall,Central,Marketplace,Clothing,Jacket,3,121.68,0,365.04,Credit Card,Completed,5
ORD-100217,2025-05-21,CUST-1028,Emerson Martinez,East,Web,Toys,Puzzle,4,89.19,10,321.08,Credit Card,Completed,3
ORD-100597,2025-05-21,CUST-1110,Jamie Harris,South,Web,Clothing,Sneakers,2,91.4,15,155.38,PayPal,Pending,
ORD-100679,2025-05-21,CUST-1015,Riley Harris,Central,Marketplace,Grocery,Pasta,2,61.93,15,105.28,Credit Card,Completed,4
ORD-100222,2025-05-22,CUST-1110,Jamie Harris,West,Marketplace,Home,Air Purifier,5,164.81,5,782.85,PayPal,Completed,5
ORD-100553,2025-05-22,CUST-1063,Finley Wilson,North,Marketplace,Clothing,Hat,3,122.5,0,367.5,PayPal,Completed,4
ORD-100004,2025-05-23,CUST-1059,Avery Sanchez,North,Web,Books,Novel,2,52.79,0,105.58,Credit Card,Refunded,
ORD-100455,2025-05-23,CUST-1079,Sam Brown,East,In-Store,Books,Novel,1,10.86,0,10.86,Credit Card,Completed,1
ORD-100589,2025-05-23,CUST-1084,Riley Martin,East,Web,Home,Air Purifier,5,579.0,0,2895.0,Credit Card,Pending,
ORD-100676,2025-05-23,CUST-1072,Cameron Perez,Central,Web,Grocery,Olive Oil,2,54.49,0,108.98,Debit Card,Completed,5
ORD-100721,2025-05-23,CUST-1107,Sage Anderson,North,Mobile App,Home,Vacuum,4,372.05,0,1488.2,Credit Card,Completed,3
ORD-100107,2025-05-25,CUST-1049,Jordan Davis,East,Marketplace,Sports,Bike,3,44.64,5,127.22,Credit Card,Completed,5
ORD-100413,2025-05-25,CUST-1041,Quinn Harris,North,Mobile App,Sports,Backpack,1,61.1,5,58.04,Credit Card,Cancelled,
ORD-100705,2025-05-25,CUST-1105,Riley Rodriguez,West,Mobile App,Beauty,Moisturizer,7,100.76,10,634.79,Credit Card,Completed,5
ORD-100766,2025-05-25,CUST-1036,Morgan Wilson,East,Web,Books,Atlas,5,28.48,0,142.4,PayPal,Completed,4
ORD-100115,2025-05-26,CUST-1010,Emerson Miller,East,Marketplace,Home,Lamp,2,317.74,10,571.93,Credit Card,Cancelled,
ORD-100434,2025-05-26,CUST-1025,Skylar Jackson,North,In-Store,Toys,Lego Set,2,142.32,0,284.64,Debit Card,Completed,5
ORD-100541,2025-05-26,CUST-1058,Quinn Jones,South,Mobile App,Home,Cookware Set,6,432.85,0,2597.1,Bank Transfer,Pending,
ORD-100390,2025-05-27,CUST-1059,Avery Sanchez,North,Web,Home,Vacuum,3,558.57,0,1675.71,Debit Card,Completed,5
ORD-100471,2025-05-27,CUST-1035,Avery Hall,South,Web,Beauty,Moisturizer,3,41.45,0,124.35,Credit Card,Cancelled,
ORD-100059,2025-05-28,CUST-1056,Rowan Wilson,Central,Web,Grocery,Coffee Beans,1,52.25,10,47.03,PayPal,Completed,4
ORD-100215,2025-05-28,CUST-1017,Quinn Jones,West,Mobile App,Home,Lamp,4,379.26,15,1289.48,Bank Transfer,Completed,
ORD-100549,2025-05-28,CUST-1020,Taylor Wilson,Central,Marketplace,Sports,Backpack,5,77.34,0,386.7,Credit Card,Completed,
ORD-100567,2025-05-29,CUST-1109,Emerson Clark,West,Web,Sports,Dumbbells,5,360.53,10,1622.39,Bank Transfer,Completed,3
ORD-100203,2025-05-30,CUST-1106,Parker Hall,West,Marketplace,Clothing,Sneakers,3,40.75,0,122.25,Credit Card,Completed,5
ORD-100482,2025-05-30,CUST-1049,Jordan Davis,East,Marketplace,Grocery,Olive Oil,1,70.81,0,70.81,PayPal,Completed,
ORD-100491,2025-05-31,CUST-1037,Quinn Thomas,Central,Marketplace,Home,Coffee Maker,3,366.63,0,1099.89,PayPal,Completed,5
ORD-100755,2025-05-31,CUST-1077,Emerson Clark,West,Mobile App,Books,Atlas,1,35.04,0,35.04,PayPal,Completed,3
ORD-100023,2025-06-01,CUST-1070,Hayden Perez,West,In-Store,Home,Vacuum,2,565.41,5,1074.28,Cash,Completed,4
ORD-100111,2025-06-01,CUST-1108,Jamie Young,Central,Mobile App,Clothing,Hat,4,169.5,15,576.3,Credit Card,Completed,4
ORD-100310,2025-06-01,CUST-1020,Taylor Wilson,North,Web,Electronics,Camera,2,351.16,20,561.86,Credit Card,Completed,2
ORD-100526,2025-06-01,CUST-1077,Emerson Clark,Central,Marketplace,Home,Air Purifier,7,545.24,0,3816.68,Debit Card,Completed,4
ORD-100050,2025-06-02,CUST-1110,Jamie Harris,East,Mobile App,Sports,Bike,2,47.59,20,76.14,Credit Card,Completed,3
ORD-100406,2025-06-02,CUST-1025,Skylar Jackson,East,Mobile App,Beauty,Lipstick,5,35.52,0,177.6,Debit Card,Completed,4
ORD-100437,2025-06-04,CUST-1030,Reese Lee,South,In-Store,Toys,Lego Set,3,133.01,15,339.18,PayPal,Completed,5
ORD-100467,2025-06-04,CUST-1027,Cameron Williams,West,Web,Toys,Puzzle,1,119.89,10,107.9,Cash,Completed,1
ORD-100596,2025-06-04,CUST-1011,Emerson Anderson,North,Marketplace,Books,Biography,1,54.29,15,46.15,Debit Card,Pending,
ORD-100756,2025-06-04,CUST-1106,Parker Hall,North,Mobile App,Grocery,Olive Oil,5,76.63,0,383.15,Debit Card,Completed,5
ORD-100442,2025-06-05,CUST-1056,Rowan Wilson,Central,In-Store,Toys,Puzzle,4,24.95,0,99.8,PayPal,Completed,4
ORD-100736,2025-06-05,CUST-1036,Morgan Wilson,South,Marketplace,Grocery,Snack Box,1,69.68,0,69.68,Bank Transfer,Completed,4
ORD-100304,2025-06-06,CUST-1021,Morgan Lopez,East,Mobile App,Clothing,T-Shirt,1,68.8,10,61.92,Debit Card,Completed,
ORD-100783,2025-06-06,CUST-1075,Alex White,South,Web,Grocery,Coffee Beans,2,57.53,15,97.8,Debit Card,Completed,5
ORD-100248,2025-06-07,CUST-1013,Finley Rodriguez,North,In-Store,Books,Comic,9,29.83,20,214.78,Bank Transfer,Completed,5
ORD-100560,2025-06-07,CUST-1016,Hayden Hernandez,West,Marketplace,Books,Cookbook,9,30.09,10,243.73,Credit Card,Completed,5
ORD-100104,2025-06-08,CUST-1059,Avery Sanchez,West,Marketplace,Grocery,Coffee Beans,1,67.38,0,67.38,PayPal,Pending,
ORD-100619,2025-06-08,CUST-1115,Avery Williams,East,Marketplace,Home,Lamp,3,502.59,0,1507.77,Credit Card,Pending,
ORD-100490,2025-06-09,CUST-1078,Quinn Clark,West,In-Store,Electronics,Smart Watch,2,65.64,0,131.28,Cash,Completed,4
ORD-100575,2025-06-09,CUST-1091,Parker Young,West,Marketplace,Sports,Tennis Racket,4,238.32,0,953.28,Debit Card,Completed,4
ORD-100592,2025-06-10,CUST-1042,Taylor Perez,West,In-Store,Sports,Backpack,3,375.81,0,1127.43,Credit Card,Completed,4
ORD-100610,2025-06-10,CUST-1055,Sam Miller,North,Marketplace,Home,Lamp,3,304.94,20,731.86,Debit Card,Cancelled,
ORD-100777,2025-06-10,CUST-1066,Rowan Williams,South,Mobile App,Beauty,Hair Dryer,2,34.66,0,69.32,PayPal,Completed,5
ORD-100574,2025-06-11,CUST-1109,Emerson Clark,West,Mobile App,Sports,Tennis Racket,2,37.32,0,74.64,PayPal,Completed,4
ORD-100670,2025-06-12,CUST-1113,Parker Thomas,South,In-Store,Beauty,Razor,1,93.29,0,93.29,Credit Card,Refunded,
ORD-100141,2025-06-13,CUST-1093,Sam Moore,West,In-Store,Beauty,Moisturizer,1,52.02,0,52.02,Credit Card,Completed,5
ORD-100600,2025-06-13,CUST-1057,Skylar Jones,West,Web,Grocery,Snack Box,1,18.01,0,18.01,Credit Card,Completed,4
ORD-100535,2025-06-14,CUST-1045,Skylar Wilson,West,Web,Toys,Doll,3,48.8,0,146.4,Credit Card,Completed,3
ORD-100221,2025-06-15,CUST-1090,Riley Jackson,West,Mobile App,Toys,Board Game,2,143.34,0,286.68,Cash,Completed,1
ORD-100335,2025-06-15,CUST-1076,Morgan White,Central,In-Store,Electronics,Speaker,3,1009.74,0,3029.22,Debit Card,Completed,5
ORD-100523,2025-06-16,CUST-1029,Sage Allen,West,Web,Clothing,Jacket,1,58.87,0,58.87,Credit Card,Pending,
ORD-100253,2025-06-17,CUST-1018,Jamie Clark,North,Mobile App,Clothing,Dress,1,80.81,0,80.81,Debit Card,Completed,
ORD-100546,2025-06-17,CUST-1007,Taylor Miller,North,Marketplace,Books,Comic,2,48.63,10,87.53,Credit Card,Completed,
ORD-100616,2025-06-18,CUST-1005,Finley Anderson,East,Web,Grocery,Tea,7,79.99,15,475.94,PayPal,Completed,5
ORD-100691,2025-06-18,CUST-1020,Taylor Wilson,West,Mobile App,Clothing,Sneakers,5,183.45,0,917.25,Cash,Completed,4
ORD-100403,2025-06-19,CUST-1010,Emerson Miller,West,In-Store,Home,Coffee Maker,1,247.6,0,247.6,Credit Card,Pending,
ORD-100733,2025-06-19,CUST-1043,Riley Jackson,Central,Mobile App,Books,Cookbook,2,55.14,5,104.77,Credit Card,Completed,2
ORD-100122,2025-06-20,CUST-1017,Quinn Jones,South,Marketplace,Electronics,Smart Watch,2,1229.59,0,2459.18,PayPal,Completed,2
ORD-100474,2025-06-20,CUST-1104,Rowan Jackson,North,Mobile App,Books,Atlas,4,50.08,0,200.32,Cash,Completed,2
ORD-100388,2025-06-21,CUST-1033,Avery Clark,Central,Mobile App,Beauty,Perfume,2,112.64,0,225.28,Credit Card,Completed,4
ORD-100284,2025-06-22,CUST-1104,Rowan Jackson,East,Mobile App,Toys,Board Game,1,78.83,5,74.89,Credit Card,Pending,
ORD-100419,2025-06-22,CUST-1084,Riley Martin,East,In-Store,Home,Cookware Set,10,276.95,0,2769.5,Credit Card,Refunded,
ORD-100583,2025-06-22,CUST-1034,Drew Williams,Central,In-Store,Clothing,Hat,4,102.92,0,411.68,PayPal,Completed,2
ORD-100076,2025-06-23,CUST-1102,Emerson Clark,Central,Marketplace,Clothing,Sneakers,8,41.04,20,262.66,PayPal,Completed,4
ORD-100048,2025-06-24,CUST-1023,Quinn Lewis,South,Web,Electronics,Smart Watch,7,742.71,10,4679.07,Credit Card,Completed,5
ORD-100508,2025-06-24,CUST-1010,Emerson Miller,North,Marketplace,Grocery,Tea,3,18.25,0,54.75,Credit Card,Completed,4
ORD-100625,2025-06-24,CUST-1117,Finley Jackson,North,Web,Home,Vacuum,1,453.28,5,430.62,PayPal,Completed,4
ORD-100690,2025-06-24,CUST-1024,Jordan Sanchez,Central,In-Store,Grocery,Snack Box,3,40.06,5,114.17,PayPal,Completed,5
ORD-100106,2025-06-25,CUST-1091,Parker Young,East,Mobile App,Clothing,Hat,3,22.24,5,63.38,Bank Transfer,Completed,4
ORD-100362,2025-06-25,CUST-1118,Avery Lee,South,Marketplace,Grocery,Cereal,2,22.24,0,44.48,Credit Card,Completed,4
ORD-100063,2025-06-26,CUST-1042,Taylor Perez,North,Marketplace,Sports,Tennis Racket,7,351.1,25,1843.28,Credit Card,Completed,5
ORD-100277,2025-06-26,CUST-1103,Casey Jones,Central,Marketplace,Sports,Running Shoes,1,47.87,0,47.87,Debit Card,Refunded,
ORD-100282,2025-06-26,CUST-1112,Reese Thomas,Central,Mobile App,Sports,Bike,2,207.09,5,393.47,Credit Card,Completed,4
ORD-100357,2025-06-26,CUST-1062,Finley Anderson,South,In-Store,Grocery,Cereal,1,71.15,0,71.15,Credit Card,Completed,5
ORD-100193,2025-06-27,CUST-1006,Jordan Smith,North,In-Store,Clothing,Sneakers,1,29.06,5,27.61,Debit Card,Completed,4
ORD-100632,2025-06-27,CUST-1057,Skylar Jones,Central,In-Store,Sports,Yoga Mat,1,297.33,0,297.33,Credit Card,Completed,2
ORD-100127,2025-06-29,CUST-1057,Skylar Jones,North,Web,Electronics,Speaker,5,561.21,25,2104.54,Credit Card,Refunded,
ORD-100431,2025-06-29,CUST-1078,Quinn Clark,North,Web,Grocery,Cereal,1,8.37,10,7.53,Credit Card,Completed,3
ORD-100794,2025-06-29,CUST-1113,Parker Thomas,West,Mobile App,Home,Blender,2,78.78,0,157.56,Credit Card,Completed,5
ORD-100042,2025-07-01,CUST-1102,Emerson Clark,North,Mobile App,Toys,Board Game,1,93.46,15,79.44,Debit Card,Completed,5
ORD-100395,2025-07-02,CUST-1110,Jamie Harris,Central,Mobile App,Beauty,Moisturizer,2,106.06,20,169.7,Debit Card,Completed,4
ORD-100423,2025-07-02,CUST-1019,Sam Brown,Central,Marketplace,Home,Lamp,2,357.65,0,715.3,PayPal,Completed,1
ORD-100578,2025-07-02,CUST-1052,Quinn Williams,East,Web,Beauty,Lipstick,3,38.74,5,110.41,Debit Card,Cancelled,
ORD-100350,2025-07-03,CUST-1099,Taylor Sanchez,Central,Mobile App,Toys,RC Car,2,34.61,5,65.76,PayPal,Pending,
ORD-100509,2025-07-03,CUST-1062,Finley Anderson,West,Mobile App,Clothing,Dress,2,50.05,0,100.1,Credit Card,Refunded,
ORD-100199,2025-07-04,CUST-1032,Taylor Johnson,East,Marketplace,Books,Atlas,3,38.88,0,116.64,Credit Card,Completed,2
ORD-100274,2025-07-04,CUST-1000,Morgan Smith,East,Mobile App,Sports,Yoga Mat,1,273.26,5,259.6,Credit Card,Completed,
ORD-100337,2025-07-04,CUST-1037,Quinn Thomas,West,In-Store,Books,Comic,2,59.82,10,107.68,Bank Transfer,Completed,5
ORD-100457,2025-07-04,CUST-1119,Avery Smith,East,Web,Electronics,Laptop,4,518.09,15,1761.51,PayPal,Completed,4
ORD-100675,2025-07-05,CUST-1004,Emerson Williams,North,Marketplace,Toys,RC Car,6,108.98,0,653.88,Credit Card,Pending,
ORD-100265,2025-07-06,CUST-1009,Sage Smith,West,Mobile App,Beauty,Razor,7,54.72,0,383.04,Credit Card,Completed,3
ORD-100412,2025-07-06,CUST-1099,Taylor Sanchez,Central,Marketplace,Books,Biography,3,42.23,0,126.69,Credit Card,Completed,5
ORD-100569,2025-07-06,CUST-1025,Skylar Jackson,Central,In-Store,Beauty,Shampoo,2,118.99,0,237.98,PayPal,Completed,4
ORD-100218,2025-07-07,CUST-1069,Riley Lewis,East,Mobile App,Electronics,Speaker,2,366.89,0,733.78,PayPal,Completed,2
ORD-100791,2025-07-07,CUST-1107,Sage Anderson,South,In-Store,Home,Cookware Set,2,49.53,0,99.06,Credit Card,Refunded,
ORD-100037,2025-07-08,CUST-1021,Morgan Lopez,West,Marketplace,Clothing,Jeans,8,35.0,0,280.0,Credit Card,Completed,
ORD-100594,2025-07-08,CUST-1105,Riley Rodriguez,South,Web,Toys,Lego Set,3,136.73,0,410.19,PayPal,Completed,5
ORD-100011,2025-07-09,CUST-1036,Morgan Wilson,Central,Web,Home,Blender,4,428.05,5,1626.59,Bank Transfer,Completed,5
ORD-100364,2025-07-09,CUST-1111,Drew Wilson,West,Web,Electronics,Speaker,2,382.76,10,688.97,PayPal,Completed,5
ORD-100654,2025-07-09,CUST-1117,Finley Jackson,East,Web,Clothing,Hat,5,35.41,0,177.05,Credit Card,Completed,5
ORD-100298,2025-07-10,CUST-1033,Avery Clark,West,Web,Toys,RC Car,5,75.88,15,322.49,Debit Card,Cancelled,
ORD-100339,2025-07-11,CUST-1065,Casey Martin,Central,Mobile App,Grocery,Pasta,1,72.37,0,72.37,Debit Card,Cancelled,
ORD-100655,2025-07-11,CUST-1038,Reese Garcia,East,In-Store,Toys,RC Car,1,30.0,10,27.0,Credit Card,Cancelled,
ORD-100699,2025-07-11,CUST-1067,Jordan Hall,South,Web,Grocery,Snack Box,7,40.53,0,283.71,Debit Card,Completed,5
ORD-100673,2025-07-12,CUST-1105,Riley Rodriguez,West,Mobile App,Beauty,Moisturizer,1,94.94,5,90.19,Credit Card,Completed,5
ORD-100764,2025-07-12,CUST-1007,Taylor Miller,South,Web,Beauty,Shampoo,4,34.75,10,125.1,PayPal,Completed,2
ORD-100376,2025-07-13,CUST-1072,Cameron Perez,West,Web,Grocery,Olive Oil,4,77.09,0,308.36,Credit Card,Completed,5
ORD-100759,2025-07-13,CUST-1116,Sam Smith,East,Web,Sports,Backpack,3,235.71,15,601.06,PayPal,Completed,5
ORD-100032,2025-07-14,CUST-1061,Quinn Sanchez,West,Mobile App,Electronics,Smart Watch,1,615.48,15,523.16,PayPal,Completed,5
ORD-100035,2025-07-14,CUST-1035,Avery Hall,North,Mobile App,Sports,Bike,4,201.37,10,724.93,Credit Card,Cancelled,
ORD-100098,2025-07-14,CUST-1068,Morgan Jones,North,Marketplace,Books,Comic,2,42.74,0,85.48,Credit Card,Completed,4
ORD-100200,2025-07-14,CUST-1102,Emerson Clark,Central,In-Store,Beauty,Moisturizer,1,100.07,15,85.06,Bank Transfer,Completed,
ORD-100452,2025-07-14,CUST-1005,Finley Anderson,West,Web,Home,Lamp,2,402.53,0,805.06,PayPal,Completed,5
ORD-100565,2025-07-14,CUST-1054,Finley Allen,West,Mobile App,Books,Comic,1,13.87,25,10.4,Credit Card,Completed,3
ORD-100276,2025-07-15,CUST-1047,Emerson Davis,North,Mobile App,Home,Blender,1,275.05,0,275.05,PayPal,Completed,5
ORD-100551,2025-07-15,CUST-1037,Quinn Thomas,North,Mobile App,Grocery,Coffee Beans,4,27.65,0,110.6,Credit Card,Completed,3
ORD-100604,2025-07-15,CUST-1016,Hayden Hernandez,South,Marketplace,Sports,Dumbbells,3,398.2,0,1194.6,Debit Card,Completed,5
ORD-100163,2025-07-16,CUST-1030,Reese Lee,North,Mobile App,Grocery,Tea,7,27.65,10,174.19,Credit Card,Completed,3
ORD-100507,2025-07-16,CUST-1088,Jamie Jones,East,Web,Grocery,Coffee Beans,2,75.13,0,150.26,Debit Card,Completed,4
ORD-100595,2025-07-16,CUST-1039,Reese Lopez,East,Marketplace,Beauty,Razor,1,105.63,15,89.79,Credit Card,Cancelled,
ORD-100606,2025-07-16,CUST-1090,Riley Jackson,East,Marketplace,Sports,Backpack,2,52.4,0,104.8,Credit Card,Cancelled,
ORD-100740,2025-07-16,CUST-1062,Finley Anderson,South,Mobile App,Toys,Action Figure,9,19.97,15,152.77,Bank Transfer,Completed,3
ORD-100178,2025-07-18,CUST-1031,Jamie Harris,North,Mobile App,Toys,Puzzle,1,21.07,0,21.07,Credit Card,Completed,5
ORD-100262,2025-07-18,CUST-1045,Skylar Wilson,Central,In-Store,Home,Vacuum,1,204.44,10,184.0,Credit Card,Completed,4
ORD-100444,2025-07-18,CUST-1062,Finley Anderson,South,Marketplace,Grocery,Olive Oil,1,21.97,0,21.97,Bank Transfer,Cancelled,
ORD-100211,2025-07-19,CUST-1000,Morgan Smith,East,Mobile App,Books,Cookbook,1,44.6,10,40.14,Debit Card,Completed,5
ORD-100331,2025-07-19,CUST-1030,Reese Lee,Central,In-Store,Toys,Action Figure,3,139.71,0,419.13,Bank Transfer,Refunded,
ORD-100510,2025-07-19,CUST-1008,Avery Martin,East,Web,Toys,RC Car,2,126.8,0,253.6,Bank Transfer,Completed,3
ORD-100784,2025-07-19,CUST-1023,Quinn Lewis,East,Mobile App,Beauty,Razor,3,97.18,0,291.54,Cash,Completed,5
ORD-100710,2025-07-20,CUST-1008,Avery Martin,North,Mobile App,Sports,Dumbbells,2,148.32,20,237.31,Debit Card,Completed,3
ORD-100765,2025-07-20,CUST-1038,Reese Garcia,North,Marketplace,Home,Coffee Maker,2,215.7,5,409.83,Bank Transfer,Completed,4
ORD-100034,2025-07-21,CUST-1075,Alex White,West,Mobile App,Electronics,Laptop,3,246.76,0,740.28,Credit Card,Completed,5
ORD-100202,2025-07-21,CUST-1046,Quinn Young,South,Marketplace,Clothing,Hat,1,199.49,0,199.49,PayPal,Completed,4
ORD-100428,2025-07-21,CUST-1018,Jamie Clark,South,Marketplace,Home,Lamp,1,351.44,0,351.44,Credit Card,Completed,3
ORD-100438,2025-07-21,CUST-1084,Riley Martin,South,Marketplace,Home,Coffee Maker,3,322.02,5,917.76,PayPal,Completed,4
ORD-100547,2025-07-21,CUST-1024,Jordan Sanchez,East,Marketplace,Grocery,Tea,3,43.37,0,130.11,Debit Card,Completed,4
ORD-100601,2025-07-21,CUST-1112,Reese Thomas,West,Web,Sports,Running Shoes,1,380.54,20,304.43,Debit Card,Completed,5
ORD-100077,2025-07-22,CUST-1001,Quinn Davis,North,In-Store,Toys,Doll,1,61.6,10,55.44,Credit Card,Completed,3
ORD-100407,2025-07-22,CUST-1101,Taylor Clark,South,Web,Books,Novel,8,38.22,5,290.47,Debit Card,Completed,5
ORD-100568,2025-07-22,CUST-1056,Rowan Wilson,North,Mobile App,Clothing,T-Shirt,1,89.12,0,89.12,Credit Card,Cancelled,
ORD-100652,2025-07-22,CUST-1111,Drew Wilson,South,Marketplace,Toys,Doll,2,69.28,0,138.56,Bank Transfer,Completed,5
ORD-100448,2025-07-23,CUST-1113,Parker Thomas,West,Mobile App,Toys,Board Game,2,69.14,5,131.37,Credit Card,Completed,2
ORD-100125,2025-07-24,CUST-1095,Reese Allen,North,In-Store,Grocery,Pasta,1,19.01,5,18.06,Credit Card,Completed,3
ORD-100314,2025-07-24,CUST-1058,Quinn Jones,North,Mobile App,Toys,RC Car,3,76.95,0,230.85,Cash,Completed,
ORD-100378,2025-07-24,CUST-1086,Drew Walker,South,Mobile App,Beauty,Lipstick,2,31.28,0,62.56,Credit Card,Completed,4
ORD-100057,2025-07-25,CUST-1104,Rowan Jackson,Central,Web,Electronics,Tablet,1,415.98,0,415.98,PayPal,Pending,
ORD-100245,2025-07-25,CUST-1008,Avery Martin,Central,In-Store,Grocery,Tea,4,28.3,0,113.2,Credit Card,Completed,3
ORD-100371,2025-07-25,CUST-1078,Quinn Clark,South,Web,Toys,Action Figure,8,18.04,10,129.89,Credit Card,Completed,2
ORD-100644,2025-07-25,CUST-1113,Parker Thomas,West,Mobile App,Toys,Action Figure,3,137.29,0,411.87,Credit Card,Completed,4
ORD-100189,2025-07-27,CUST-1048,Sam Walker,Central,In-Store,Sports,Running Shoes,2,263.78,5,501.18,Credit Card,Pending,
ORD-100031,2025-07-28,CUST-1042,Taylor Perez,Central,Web,Grocery,Pasta,1,67.47,0,67.47,PayPal,Cancelled,
ORD-100043,2025-07-28,CUST-1062,Finley Anderson,South,Marketplace,Books,Atlas,2,45.02,0,90.04,Credit Card,Completed,5
ORD-100702,2025-07-29,CUST-1047,Emerson Davis,East,Web,Grocery,Tea,1,6.85,0,6.85,Credit Card,Completed,2
ORD-100091,2025-07-30,CUST-1045,Skylar Wilson,West,Mobile App,Sports,Backpack,1,132.86,0,132.86,Credit Card,Completed,5
ORD-100359,2025-07-30,CUST-1002,Avery Jones,North,Mobile App,Books,Novel,1,38.8,0,38.8,Debit Card,Pending,
ORD-100718,2025-07-30,CUST-1097,Jordan Davis,South,In-Store,Clothing,Jacket,1,34.47,10,31.02,Credit Card,Completed,4
ORD-100397,2025-07-31,CUST-1033,Avery Clark,West,Web,Home,Lamp,1,323.52,10,291.17,Credit Card,Completed,
ORD-100420,2025-07-31,CUST-1097,Jordan Davis,East,In-Store,Sports,Backpack,1,115.27,0,115.27,Credit Card,Completed,
ORD-100495,2025-07-31,CUST-1098,Finley Williams,East,Web,Sports,Dumbbells,3,297.25,0,891.75,Debit Card,Pending,
ORD-100062,2025-08-01,CUST-1043,Riley Jackson,West,Mobile App,Toys,Lego Set,1,51.8,0,51.8,Bank Transfer,Completed,4
ORD-100168,2025-08-01,CUST-1058,Quinn Jones,Central,Mobile App,Electronics,Camera,2,1220.03,10,2196.05,Credit Card,Completed,5
ORD-100281,2025-08-01,CUST-1019,Sam Brown,East,Web,Home,Cookware Set,2,459.86,20,735.78,Cash,Completed,2
ORD-100324,2025-08-01,CUST-1005,Finley Anderson,Central,Web,Clothing,Sneakers,2,124.02,0,248.04,Bank Transfer,Completed,
ORD-100416,2025-08-01,CUST-1105,Riley Rodriguez,South,Web,Beauty,Razor,1,78.63,0,78.63,PayPal,Pending,
ORD-100418,2025-08-01,CUST-1095,Reese Allen,Central,Mobile App,Clothing,Dress,2,139.78,5,265.58,Credit Card,Completed,4
ORD-100244,2025-08-02,CUST-1117,Finley Jackson,Central,Mobile App,Beauty,Perfume,4,73.73,0,294.92,Debit Card,Completed,
ORD-100270,2025-08-03,CUST-1021,Morgan Lopez,South,Mobile App,Sports,Tennis Racket,5,156.71,0,783.55,PayPal,Completed,4
ORD-100326,2025-08-03,CUST-1077,Emerson Clark,Central,In-Store,Books,Biography,2,25.83,0,51.66,PayPal,Completed,2
ORD-100786,2025-08-03,CUST-1090,Riley Jackson,East,Mobile App,Grocery,Olive Oil,2,31.55,0,63.1,Credit Card,Cancelled,
ORD-100798,2025-08-04,CUST-1062,Finley Anderson,South,Marketplace,Grocery,Snack Box,3,29.37,10,79.3,Cash,Completed,5
ORD-100169,2025-08-05,CUST-1044,Avery Garcia,South,Marketplace,Clothing,Hat,10,187.9,0,1879.0,Bank Transfer,Completed,3
ORD-100367,2025-08-05,CUST-1072,Cameron Perez,South,Marketplace,Beauty,Hair Dryer,1,85.51,10,76.96,Credit Card,Completed,4
ORD-100382,2025-08-05,CUST-1061,Quinn Sanchez,East,Marketplace,Electronics,Camera,1,1297.58,10,1167.82,Credit Card,Completed,3
ORD-100737,2025-08-05,CUST-1064,Reese Davis,Central,In-Store,Sports,Dumbbells,4,322.58,0,1290.32,Credit Card,Pending,
ORD-100744,2025-08-05,CUST-1021,Morgan Lopez,North,Marketplace,Sports,Bike,3,212.74,0,638.22,Cash,Completed,5
ORD-100439,2025-08-07,CUST-1039,Reese Lopez,East,Mobile App,Beauty,Moisturizer,2,34.33,0,68.66,Debit Card,Completed,3
ORD-100225,2025-08-08,CUST-1105,Riley Rodriguez,East,Marketplace,Books,Textbook,1,51.07,0,51.07,Debit Card,Completed,1
ORD-100707,2025-08-08,CUST-1098,Finley Williams,North,In-Store,Sports,Dumbbells,2,344.85,0,689.7,Credit Card,Pending,
ORD-100726,2025-08-08,CUST-1015,Riley Harris,West,Mobile App,Books,Cookbook,1,24.82,0,24.82,Debit Card,Completed,5
ORD-100022,2025-08-09,CUST-1008,Avery Martin,East,Marketplace,Beauty,Hair Dryer,1,103.59,5,98.41,Credit Card,Completed,4
ORD-100206,2025-08-09,CUST-1013,Finley Rodriguez,East,Marketplace,Electronics,Laptop,1,790.48,0,790.48,Debit Card,Completed,4
ORD-100430,2025-08-09,CUST-1041,Quinn Harris,East,Web,Clothing,T-Shirt,3,93.36,0,280.08,Credit Card,Completed,5
ORD-100584,2025-08-10,CUST-1084,Riley Martin,Central,Web,Beauty,Shampoo,2,39.14,0,78.28,Debit Card,Completed,2
ORD-100040,2025-08-11,CUST-1022,Reese Perez,East,In-Store,Toys,Doll,4,85.34,0,341.36,Credit Card,Completed,2
ORD-100603,2025-08-11,CUST-1098,Finley Williams,East,In-Store,Grocery,Snack Box,2,21.84,0,43.68,Bank Transfer,Completed,3
ORD-100033,2025-08-12,CUST-1062,Finley Anderson,Central,Mobile App,Electronics,Tablet,1,1034.76,0,1034.76,Credit Card,Completed,4
ORD-100628,2025-08-12,CUST-1107,Sage Anderson,West,Mobile App,Books,Novel,1,32.1,0,32.1,Credit Card,Completed,
ORD-100662,2025-08-12,CUST-1023,Quinn Lewis,East,Mobile App,Sports,Yoga Mat,5,144.02,0,720.1,Credit Card,Completed,5
ORD-100796,2025-08-13,CUST-1084,Riley Martin,South,Web,Grocery,Olive Oil,1,61.03,0,61.03,Cash,Completed,5
ORD-100071,2025-08-15,CUST-1044,Avery Garcia,North,Marketplace,Toys,Action Figure,8,106.64,0,853.12,Credit Card,Refunded,
ORD-100232,2025-08-15,CUST-1110,Jamie Harris,East,Marketplace,Books,Novel,5,15.28,0,76.4,PayPal,Completed,3
ORD-100285,2025-08-15,CUST-1099,Taylor Sanchez,West,Marketplace,Beauty,Perfume,3,77.34,0,232.02,Credit Card,Cancelled,
ORD-100545,2025-08-15,CUST-1043,Riley Jackson,West,Mobile App,Clothing,Dress,2,22.41,5,42.58,Credit Card,Completed,4
ORD-100559,2025-08-15,CUST-1113,Parker Thomas,South,Mobile App,Beauty,Shampoo,3,15.11,10,40.8,Credit Card,Pending,
ORD-100642,2025-08-15,CUST-1018,Jamie Clark,West,Mobile App,Electronics,Speaker,4,1418.28,0,5673.12,Credit Card,Refunded,
ORD-100087,2025-08-16,CUST-1009,Sage Smith,West,In-Store,Clothing,Jacket,3,27.15,0,81.45,Debit Card,Completed,
ORD-100771,2025-08-16,CUST-1047,Emerson Davis,East,Marketplace,Electronics,Laptop,1,226.97,5,215.62,Cash,Completed,3
ORD-100369,2025-08-17,CUST-1100,Rowan Walker,South,Web,Home,Coffee Maker,1,252.33,0,252.33,Debit Card,Completed,4
ORD-100453,2025-08-17,CUST-1036,Morgan Wilson,West,Marketplace,Home,Coffee Maker,5,577.05,0,2885.25,PayPal,Completed,4
ORD-100103,2025-08-18,CUST-1087,Parker Perez,East,Web,Beauty,Razor,1,59.49,0,59.49,Debit Card,Completed,4
ORD-100279,2025-08-18,CUST-1022,Reese Perez,Central,Mobile App,Home,Vacuum,4,93.19,0,372.76,Bank Transfer,Completed,5
ORD-100421,2025-08-18,CUST-1050,Jordan Lewis,East,Web,Electronics,Speaker,1,462.5,0,462.5,Credit Card,Pending,
ORD-100543,2025-08-18,CUST-1069,Riley Lewis,East,Marketplace,Home,Cookware Set,1,553.85,0,553.85,Credit Card,Completed,5
ORD-100194,2025-08-19,CUST-1062,Finley Anderson,South,In-Store,Books,Biography,2,27.52,0,55.04,Debit Card,Completed,3
ORD-100342,2025-08-19,CUST-1080,Drew Anderson,Central,Web,Sports,Tennis Racket,1,171.06,0,171.06,Credit Card,Completed,5
ORD-100392,2025-08-19,CUST-1052,Quinn Williams,South,Web,Home,Vacuum,5,92.52,0,462.6,Credit Card,Completed,5
ORD-100451,2025-08-19,CUST-1081,Riley Thomas,Central,Marketplace,Beauty,Lipstick,2,53.48,10,96.26,Debit Card,Cancelled,
ORD-100251,2025-08-20,CUST-1034,Drew Williams,West,Marketplace,Books,Novel,7,15.08,10,95.0,Credit Card,Completed,5
ORD-100254,2025-08-20,CUST-1071,Taylor Wilson,South,Mobile App,Books,Novel,2,49.8,0,99.6,Credit Card,Pending,
ORD-100449,2025-08-20,CUST-1011,Emerson Anderson,North,Marketplace,Clothing,Jeans,4,188.5,5,716.3,Credit Card,Completed,5
ORD-100006,2025-08-21,CUST-1036,Morgan Wilson,South,In-Store,Sports,Backpack,7,398.28,0,2787.96,PayPal,Completed,
ORD-100082,2025-08-21,CUST-1011,Emerson Anderson,North,Mobile App,Books,Atlas,3,58.5,0,175.5,Credit Card,Refunded,
ORD-100649,2025-08-21,CUST-1043,Riley Jackson,East,Mobile App,Books,Atlas,9,37.41,15,286.19,Debit Card,Completed,5
ORD-100208,2025-08-22,CUST-1100,Rowan Walker,North,In-Store,Books,Comic,2,32.76,0,65.52,Debit Card,Completed,2
ORD-100447,2025-08-22,CUST-1105,Riley Rodriguez,South,Web,Electronics,Headphones,2,623.64,10,1122.55,Debit Card,Completed,5
ORD-100212,2025-08-23,CUST-1014,Alex Clark,East,Web,Toys,Action Figure,5,83.88,5,398.43,Debit Card,Completed,4
ORD-100213,2025-08-23,CUST-1079,Sam Brown,South,Web,Home,Air Purifier,3,192.52,5,548.68,Credit Card,Completed,5
ORD-100436,2025-08-23,CUST-1071,Taylor Wilson,East,In-Store,Electronics,Laptop,1,817.65,0,817.65,Credit Card,Completed,4
ORD-100537,2025-08-23,CUST-1011,Emerson Anderson,West,Mobile App,Clothing,Sneakers,5,68.35,20,273.4,Credit Card,Completed,5
ORD-100464,2025-08-24,CUST-1114,Morgan Davis,Central,In-Store,Beauty,Moisturizer,4,56.71,10,204.16,PayPal,Completed,4
ORD-100671,2025-08-24,CUST-1076,Morgan White,South,Web,Beauty,Lipstick,6,26.44,20,126.91,Debit Card,Completed,4
ORD-100715,2025-08-24,CUST-1059,Avery Sanchez,West,In-Store,Electronics,Speaker,1,987.13,15,839.06,Credit Card,Pending,
ORD-100058,2025-08-25,CUST-1052,Quinn Williams,Central,In-Store,Electronics,Headphones,2,952.82,0,1905.64,Credit Card,Completed,5
ORD-100210,2025-08-25,CUST-1029,Sage Allen,West,Mobile App,Sports,Backpack,1,265.18,0,265.18,Credit Card,Completed,4
ORD-100624,2025-08-25,CUST-1022,Reese Perez,Central,Marketplace,Home,Blender,1,261.43,5,248.36,Credit Card,Completed,2
ORD-100719,2025-08-25,CUST-1003,Morgan White,North,Marketplace,Clothing,Dress,3,153.7,0,461.1,PayPal,Pending,
ORD-100480,2025-08-26,CUST-1041,Quinn Harris,East,Marketplace,Clothing,Sneakers,1,191.84,0,191.84,Credit Card,Completed,4
ORD-100621,2025-08-26,CUST-1086,Drew Walker,West,In-Store,Books,Atlas,3,16.06,0,48.18,Debit Card,Completed,4
ORD-100164,2025-08-27,CUST-1039,Reese Lopez,East,In-Store,Home,Blender,3,555.4,15,1416.27,PayPal,Completed,4
ORD-100470,2025-08-28,CUST-1113,Parker Thomas,East,Mobile App,Electronics,Laptop,2,1005.53,0,2011.06,Debit Card,Completed,5
ORD-100066,2025-08-29,CUST-1100,Rowan Walker,East,Marketplace,Toys,Board Game,3,65.65,0,196.95,Credit Card,Completed,4
ORD-100121,2025-08-29,CUST-1005,Finley Anderson,Central,Web,Sports,Bike,1,31.09,10,27.98,Credit Card,Completed,3
ORD-100182,2025-08-29,CUST-1097,Jordan Davis,Central,In-Store,Beauty,Shampoo,2,56.7,0,113.4,Credit Card,Completed,
ORD-100580,2025-08-29,CUST-1075,Alex White,East,Mobile App,Electronics,Smart Watch,2,615.94,0,1231.88,PayPal,Completed,4
ORD-100698,2025-08-29,CUST-1101,Taylor Clark,South,Marketplace,Clothing,Jeans,2,153.99,5,292.58,Debit Card,Completed,5
ORD-100061,2025-08-30,CUST-1031,Jamie Harris,East,Web,Grocery,Cereal,1,19.3,0,19.3,PayPal,Completed,3
ORD-100078,2025-08-30,CUST-1003,Morgan White,North,Marketplace,Beauty,Hair Dryer,1,18.83,10,16.95,Cash,Completed,5
ORD-100629,2025-08-30,CUST-1002,Avery Jones,West,Web,Grocery,Cereal,1,27.11,10,24.4,Credit Card,Completed,
ORD-100064,2025-08-31,CUST-1090,Riley Jackson,Central,Mobile App,Sports,Tennis Racket,9,322.15,5,2754.38,Credit Card,Refunded,
ORD-100124,2025-08-31,CUST-1032,Taylor Johnson,East,Web,Electronics,Speaker,1,567.61,10,510.85,PayPal,Completed,4
ORD-100150,2025-08-31,CUST-1033,Avery Clark,South,Marketplace,Books,Atlas,1,32.98,0,32.98,PayPal,Completed,2
ORD-100177,2025-08-31,CUST-1030,Reese Lee,Central,Marketplace,Books,Biography,5,15.51,0,77.55,Credit Card,Completed,4
ORD-100275,2025-08-31,CUST-1108,Jamie Young,South,Marketplace,Clothing,Jacket,4,102.12,15,347.21,Credit Card,Completed,4
ORD-100682,2025-08-31,CUST-1030,Reese Lee,North,Marketplace,Beauty,Lipstick,4,68.12,0,272.48,Credit Card,Completed,4
ORD-100657,2025-09-01,CUST-1106,Parker Hall,North,In-Store,Home,Vacuum,2,287.34,0,574.68,Credit Card,Pending,
ORD-100230,2025-09-02,CUST-1009,Sage Smith,South,Marketplace,Books,Textbook,1,49.91,0,49.91,Credit Card,Completed,4
ORD-100365,2025-09-02,CUST-1098,Finley Williams,Central,Web,Books,Novel,1,53.59,0,53.59,Credit Card,Completed,4
ORD-100398,2025-09-02,CUST-1038,Reese Garcia,West,Marketplace,Electronics,Tablet,4,915.66,10,3296.38,Debit Card,Completed,5
ORD-100622,2025-09-02,CUST-1038,Reese Garcia,North,Web,Home,Vacuum,3,194.24,0,582.72,Credit Card,Completed,4
ORD-100135,2025-09-03,CUST-1067,Jordan Hall,South,In-Store,Sports,Tennis Racket,4,52.66,25,157.98,Debit Card,Completed,2
ORD-100429,2025-09-04,CUST-1071,Taylor Wilson,North,Mobile App,Books,Textbook,2,37.71,0,75.42,Bank Transfer,Completed,5
ORD-100668,2025-09-04,CUST-1034,Drew Williams,South,Web,Toys,Action Figure,2,59.2,5,112.48,Debit Card,Completed,3
ORD-100140,2025-09-05,CUST-1031,Jamie Harris,Central,In-Store,Sports,Bike,2,283.23,0,566.46,Credit Card,Completed,5
ORD-100067,2025-09-07,CUST-1111,Drew Wilson,North,Marketplace,Electronics,Camera,1,965.18,20,772.14,Bank Transfer,Completed,3
ORD-100224,2025-09-07,CUST-1041,Quinn Harris,South,Marketplace,Electronics,Speaker,1,1459.62,5,1386.64,Debit Card,Pending,
ORD-100266,2025-09-07,CUST-1083,Quinn Martin,West,Mobile App,Beauty,Shampoo,3,72.69,15,185.36,Debit Card,Completed,5
ORD-100316,2025-09-07,CUST-1014,Alex Clark,East,Mobile App,Sports,Tennis Racket,1,123.1,0,123.1,PayPal,Completed,4
ORD-100486,2025-09-07,CUST-1084,Riley Martin,Central,Marketplace,Sports,Dumbbells,1,265.84,0,265.84,Credit Card,Completed,5
ORD-100795,2025-09-07,CUST-1000,Morgan Smith,North,In-Store,Home,Air Purifier,1,293.01,0,293.01,Credit Card,Pending,
ORD-100184,2025-09-08,CUST-1092,Alex Perez,Central,Web,Grocery,Pasta,1,64.62,0,64.62,PayPal,Completed,5
ORD-100305,2025-09-08,CUST-1045,Skylar Wilson,South,Mobile App,Books,Cookbook,7,55.75,0,390.25,Credit Card,Completed,3
ORD-100571,2025-09-08,CUST-1063,Finley Wilson,South,Web,Books,Atlas,7,9.55,10,60.17,PayPal,Completed,4
ORD-100401,2025-09-09,CUST-1024,Jordan Sanchez,West,Mobile App,Beauty,Lipstick,1,116.73,0,116.73,Bank Transfer,Completed,3
ORD-100323,2025-09-10,CUST-1017,Quinn Jones,East,Mobile App,Sports,Yoga Mat,1,98.47,0,98.47,PayPal,Completed,5
ORD-100635,2025-09-10,CUST-1038,Reese Garcia,Central,Mobile App,Books,Cookbook,2,59.96,0,119.92,Credit Card,Completed,5
ORD-100665,2025-09-10,CUST-1065,Casey Martin,North,Mobile App,Sports,Yoga Mat,1,144.38,0,144.38,Credit Card,Completed,5
ORD-100027,2025-09-11,CUST-1051,Sam Wilson,South,Marketplace,Books,Cookbook,3,8.29,10,22.38,PayPal,Completed,5
ORD-100176,2025-09-11,CUST-1006,Jordan Smith,South,Marketplace,Beauty,Razor,3,96.87,0,290.61,Credit Card,Completed,3
ORD-100630,2025-09-11,CUST-1094,Alex Brown,South,Marketplace,Toys,Lego Set,2,78.05,0,156.1,Debit Card,Completed,3
ORD-100320,2025-09-12,CUST-1095,Reese Allen,Central,In-Store,Electronics,Laptop,2,101.96,0,203.92,PayPal,Completed,4
ORD-100573,2025-09-12,CUST-1062,Finley Anderson,North,Marketplace,Toys,Doll,1,130.35,0,130.35,Bank Transfer,Completed,4
ORD-100119,2025-09-13,CUST-1076,Morgan White,Central,Mobile App,Electronics,Speaker,2,400.81,0,801.62,Credit Card,Completed,4
ORD-100143,2025-09-13,CUST-1065,Casey Martin,South,Mobile App,Grocery,Pasta,5,42.3,0,211.5,Credit Card,Completed,4
ORD-100708,2025-09-13,CUST-1103,Casey Jones,East,In-Store,Beauty,Perfume,1,57.98,10,52.18,PayPal,Completed,4
ORD-100731,2025-09-13,CUST-1037,Quinn Thomas,East,Marketplace,Books,Cookbook,2,41.39,0,82.78,PayPal,Refunded,
ORD-100747,2025-09-15,CUST-1014,Alex Clark,West,In-Store,Grocery,Cereal,4,18.92,0,75.68,Credit Card,Completed,4
ORD-100029,2025-09-16,CUST-1054,Finley Allen,South,Marketplace,Grocery,Olive Oil,3,40.6,0,121.8,Credit Card,Completed,5
ORD-100216,2025-09-16,CUST-1083,Quinn Martin,South,Web,Grocery,Pasta,3,36.17,10,97.66,Credit Card,Completed,5
ORD-100234,2025-09-18,CUST-1024,Jordan Sanchez,West,Mobile App,Sports,Bike,3,318.93,10,861.11,Credit Card,Completed,4
ORD-100487,2025-09-18,CUST-1054,Finley Allen,Central,Mobile App,Grocery,Pasta,2,18.93,5,35.97,Debit Card,Pending,
ORD-100613,2025-09-18,CUST-1105,Riley Rodriguez,West,Mobile App,Toys,Doll,5,91.99,0,459.95,Bank Transfer,Completed,1
ORD-100353,2025-09-19,CUST-1011,Emerson Anderson,Central,Mobile App,Sports,Bike,2,273.5,15,464.95,PayPal,Completed,5
ORD-100623,2025-09-19,CUST-1054,Finley Allen,North,Web,Sports,Yoga Mat,2,295.12,10,531.22,Credit Card,Completed,3
ORD-100096,2025-09-20,CUST-1014,Alex Clark,West,Mobile App,Beauty,Moisturizer,1,85.25,0,85.25,Debit Card,Completed,
ORD-100703,2025-09-20,CUST-1069,Riley Lewis,East,Mobile App,Clothing,Jacket,6,33.21,0,199.26,Credit Card,Completed,5
ORD-100785,2025-09-20,CUST-1091,Parker Young,South,In-Store,Home,Air Purifier,1,239.7,10,215.73,Credit Card,Completed,3
ORD-100286,2025-09-22,CUST-1111,Drew Wilson,South,Web,Beauty,Lipstick,2,29.17,0,58.34,Debit Card,Completed,5
ORD-100152,2025-09-23,CUST-1026,Morgan Young,East,In-Store,Beauty,Razor,2,52.7,20,84.32,Credit Card,Completed,4
ORD-100372,2025-09-23,CUST-1036,Morgan Wilson,South,In-Store,Books,Novel,4,34.55,5,131.29,Debit Card,Completed,3
ORD-100417,2025-09-23,CUST-1012,Avery Thomas,Central,Mobile App,Clothing,Dress,1,86.29,0,86.29,Debit Card,Completed,3
ORD-100689,2025-09-23,CUST-1075,Alex White,South,Mobile App,Home,Coffee Maker,1,495.13,0,495.13,Credit Card,Completed,3
ORD-100712,2025-09-23,CUST-1001,Quinn Davis,North,Marketplace,Home,Lamp,5,258.3,0,1291.5,Credit Card,Completed,4
ORD-100366,2025-09-24,CUST-1000,Morgan Smith,East,In-Store,Sports,Backpack,1,326.61,0,326.61,Credit Card,Completed,2
ORD-100460,2025-09-24,CUST-1093,Sam Moore,North,Web,Grocery,Pasta,4,71.27,0,285.08,Credit Card,Completed,4
ORD-100734,2025-09-24,CUST-1041,Quinn Harris,South,Mobile App,Home,Blender,3,57.48,0,172.44,Bank Transfer,Completed,5
ORD-100240,2025-09-25,CUST-1066,Rowan Williams,East,Web,Toys,Puzzle,2,114.97,15,195.45,PayPal,Completed,2
ORD-100329,2025-09-25,CUST-1013,Finley Rodriguez,East,In-Store,Electronics,Tablet,1,1021.87,0,1021.87,PayPal,Completed,5
ORD-100723,2025-09-25,CUST-1082,Alex Sanchez,South,Mobile App,Clothing,Sneakers,3,97.14,0,291.42,Credit Card,Completed,4
ORD-100046,2025-09-26,CUST-1076,Morgan White,East,Mobile App,Toys,Lego Set,4,51.47,0,205.88,Credit Card,Completed,5
ORD-100440,2025-09-26,CUST-1116,Sam Smith,North,In-Store,Home,Blender,10,585.95,0,5859.5,Bank Transfer,Cancelled,
ORD-100500,2025-09-26,CUST-1013,Finley Rodriguez,Central,Mobile App,Grocery,Tea,1,26.25,0,26.25,Credit Card,Completed,4
ORD-100259,2025-09-27,CUST-1031,Jamie Harris,West,In-Store,Electronics,Tablet,4,570.71,0,2282.84,Credit Card,Cancelled,
ORD-100489,2025-09-27,CUST-1109,Emerson Clark,Central,Web,Toys,RC Car,2,83.27,5,158.21,Credit Card,Completed,3
ORD-100631,2025-09-28,CUST-1002,Avery Jones,Central,Marketplace,Sports,Running Shoes,1,48.82,15,41.5,Credit Card,Completed,
ORD-100088,2025-09-29,CUST-1037,Quinn Thomas,West,Mobile App,Grocery,Cereal,3,12.44,5,35.45,PayPal,Completed,4
ORD-100303,2025-09-29,CUST-1024,Jordan Sanchez,West,Web,Electronics,Speaker,1,1113.72,0,1113.72,PayPal,Completed,4
ORD-100411,2025-09-29,CUST-1019,Sam Brown,North,Mobile App,Grocery,Tea,4,45.62,0,182.48,PayPal,Completed,4
ORD-100641,2025-09-29,CUST-1053,Jamie Young,North,In-Store,Books,Cookbook,4,29.5,0,118.0,Credit Card,Pending,
ORD-100340,2025-10-01,CUST-1000,Morgan Smith,North,Marketplace,Clothing,Jeans,3,158.11,15,403.18,Credit Card,Completed,3
ORD-100344,2025-10-01,CUST-1028,Emerson Martinez,North,In-Store,Home,Air Purifier,2,482.54,0,965.08,Bank Transfer,Completed,4
ORD-100758,2025-10-01,CUST-1081,Riley Thomas,East,Web,Grocery,Coffee Beans,4,29.96,0,119.84,Debit Card,Cancelled,
ORD-100697,2025-10-02,CUST-1037,Quinn Thomas,South,Marketplace,Home,Lamp,1,385.09,0,385.09,Credit Card,Completed,3
ORD-100761,2025-10-02,CUST-1024,Jordan Sanchez,North,Mobile App,Sports,Tennis Racket,1,161.88,5,153.79,PayPal,Completed,4
ORD-100171,2025-10-03,CUST-1050,Jordan Lewis,Central,Marketplace,Home,Air Purifier,8,504.2,10,3630.24,Bank Transfer,Completed,4
ORD-100646,2025-10-03,CUST-1042,Taylor Perez,Central,In-Store,Sports,Backpack,3,354.95,0,1064.85,Debit Card,Completed,5
ORD-100738,2025-10-03,CUST-1019,Sam Brown,South,In-Store,Home,Lamp,2,197.39,0,394.78,Debit Card,Completed,3
ORD-100762,2025-10-03,CUST-1109,Emerson Clark,South,In-Store,Grocery,Tea,1,75.72,10,68.15,Credit Card,Completed,3
ORD-100084,2025-10-04,CUST-1032,Taylor Johnson,North,In-Store,Home,Coffee Maker,3,34.95,0,104.85,PayPal,Completed,5
ORD-100174,2025-10-04,CUST-1027,Cameron Williams,South,In-Store,Electronics,Headphones,2,469.43,10,844.97,PayPal,Completed,5
ORD-100792,2025-10-04,CUST-1108,Jamie Young,East,Mobile App,Clothing,Jacket,1,69.31,0,69.31,PayPal,Completed,1
ORD-100472,2025-10-05,CUST-1044,Avery Garcia,Central,In-Store,Beauty,Perfume,1,88.07,0,88.07,Credit Card,Completed,4
ORD-100660,2025-10-05,CUST-1073,Skylar Martin,North,Mobile App,Electronics,Camera,2,1138.31,0,2276.62,Credit Card,Completed,5
ORD-100333,2025-10-07,CUST-1094,Alex Brown,Central,Mobile App,Books,Atlas,8,23.3,0,186.4,Debit Card,Completed,5
ORD-100433,2025-10-07,CUST-1066,Rowan Williams,East,Web,Toys,Doll,2,112.19,0,224.38,Debit Card,Completed,5
ORD-100544,2025-10-07,CUST-1064,Reese Davis,Central,Mobile App,Beauty,Razor,3,63.18,0,189.54,Bank Transfer,Refunded,
ORD-100146,2025-10-09,CUST-1035,Avery Hall,South,Mobile App,Clothing,Jeans,8,87.87,10,632.66,Credit Card,Cancelled,
ORD-100347,2025-10-09,CUST-1009,Sage Smith,South,Mobile App,Toys,Action Figure,1,23.75,10,21.37,Credit Card,Completed,5
ORD-100136,2025-10-10,CUST-1081,Riley Thomas,South,Mobile App,Home,Vacuum,2,548.21,0,1096.42,Credit Card,Completed,5
ORD-100181,2025-10-10,CUST-1041,Quinn Harris,North,Marketplace,Toys,RC Car,2,100.82,0,201.64,Credit Card,Pending,
ORD-100083,2025-10-11,CUST-1026,Morgan Young,South,Mobile App,Books,Cookbook,1,15.67,15,13.32,Credit Card,Pending,
ORD-100345,2025-10-12,CUST-1018,Jamie Clark,South,In-Store,Clothing,T-Shirt,1,125.38,0,125.38,Bank Transfer,Completed,4
ORD-100368,2025-10-12,CUST-1061,Quinn Sanchez,South,Web,Toys,Board Game,2,118.39,0,236.78,Credit Card,Pending,
ORD-100409,2025-10-13,CUST-1100,Rowan Walker,West,Web,Beauty,Moisturizer,3,14.31,0,42.93,PayPal,Completed,3
ORD-100441,2025-10-13,CUST-1068,Morgan Jones,West,Marketplace,Clothing,Jeans,1,177.73,10,159.96,PayPal,Pending,
ORD-100637,2025-10-13,CUST-1034,Drew Williams,North,Marketplace,Home,Air Purifier,5,370.49,0,1852.45,Credit Card,Cancelled,
ORD-100154,2025-10-14,CUST-1119,Avery Smith,East,Mobile App,Toys,Board Game,1,104.73,0,104.73,Bank Transfer,Completed,5
ORD-100374,2025-10-14,CUST-1117,Finley Jackson,East,Web,Beauty,Perfume,8,41.86,5,318.14,Credit Card,Cancelled,
ORD-100410,2025-10-14,CUST-1037,Quinn Thomas,North,Mobile App,Grocery,Olive Oil,2,45.77,0,91.54,Credit Card,Pending,
ORD-100131,2025-10-15,CUST-1015,Riley Harris,North,Mobile App,Toys,Board Game,3,40.04,5,114.11,Debit Card,Refunded,
ORD-100387,2025-10-15,CUST-1109,Emerson Clark,West,Web,Electronics,Tablet,1,286.85,0,286.85,Credit Card,Pending,
ORD-100049,2025-10-16,CUST-1038,Reese Garcia,West,Marketplace,Clothing,Jeans,1,156.42,5,148.6,PayPal,Completed,1
ORD-100191,2025-10-16,CUST-1084,Riley Martin,North,Marketplace,Electronics,Headphones,6,506.0,20,2428.8,Debit Card,Completed,5
ORD-100192,2025-10-16,CUST-1030,Reese Lee,Central,Web,Sports,Backpack,5,149.4,10,672.3,Credit Card,Refunded,
ORD-100263,2025-10-16,CUST-1024,Jordan Sanchez,North,Marketplace,Grocery,Cereal,1,41.78,0,41.78,Credit Card,Completed,5
ORD-100620,2025-10-16,CUST-1076,Morgan White,Central,Web,Sports,Yoga Mat,4,329.12,5,1250.66,Credit Card,Completed,5
ORD-100669,2025-10-16,CUST-1008,Avery Martin,South,Marketplace,Toys,Lego Set,2,27.22,0,54.44,Debit Card,Completed,4
ORD-100709,2025-10-18,CUST-1100,Rowan Walker,West,Marketplace,Electronics,Headphones,1,1431.32,0,1431.32,Debit Card,Completed,5
ORD-100300,2025-10-19,CUST-1114,Morgan Davis,East,Mobile App,Grocery,Olive Oil,1,58.68,10,52.81,Credit Card,Completed,4
ORD-100356,2025-10-19,CUST-1022,Reese Perez,Central,Mobile App,Sports,Backpack,2,245.38,15,417.15,Credit Card,Completed,4
ORD-100728,2025-10-19,CUST-1021,Morgan Lopez,East,Mobile App,Toys,Lego Set,2,147.4,5,280.06,Debit Card,Refunded,
ORD-100002,2025-10-20,CUST-1073,Skylar Martin,West,Marketplace,Grocery,Olive Oil,4,65.56,0,262.24,Credit Card,Completed,4
ORD-100257,2025-10-21,CUST-1055,Sam Miller,West,In-Store,Sports,Tennis Racket,1,281.2,0,281.2,Credit Card,Completed,1
ORD-100528,2025-10-21,CUST-1114,Morgan Davis,West,Marketplace,Electronics,Tablet,9,108.09,0,972.81,PayPal,Completed,2
ORD-100745,2025-10-21,CUST-1099,Taylor Sanchez,West,Mobile App,Beauty,Shampoo,1,34.63,10,31.17,Debit Card,Completed,5
ORD-100381,2025-10-22,CUST-1111,Drew Wilson,North,Mobile App,Toys,RC Car,1,117.0,0,117.0,Credit Card,Completed,4
ORD-100554,2025-10-22,CUST-1002,Avery Jones,East,Web,Toys,Puzzle,2,30.46,0,60.92,Debit Card,Completed,4
ORD-100768,2025-10-22,CUST-1013,Finley Rodriguez,South,Marketplace,Home,Blender,7,267.72,15,1592.93,Cash,Completed,
ORD-100425,2025-10-23,CUST-1048,Sam Walker,South,Web,Clothing,T-Shirt,6,76.86,15,391.99,Credit Card,Cancelled,
ORD-100585,2025-10-23,CUST-1063,Finley Wilson,Central,Marketplace,Books,Atlas,8,46.59,0,372.72,Bank Transfer,Completed,3
ORD-100007,2025-10-24,CUST-1094,Alex Brown,Central,Web,Electronics,Speaker,1,122.71,0,122.71,Cash,Completed,5
ORD-100183,2025-10-24,CUST-1092,Alex Perez,East,In-Store,Sports,Bike,1,148.7,0,148.7,PayPal,Completed,3
ORD-100683,2025-10-24,CUST-1015,Riley Harris,West,Web,Clothing,T-Shirt,6,84.82,15,432.58,Debit Card,Completed,5
ORD-100743,2025-10-24,CUST-1084,Riley Martin,Central,Web,Home,Coffee Maker,1,73.54,5,69.86,Credit Card,Completed,1
ORD-100044,2025-10-25,CUST-1047,Emerson Davis,East,In-Store,Grocery,Cereal,2,36.91,10,66.44,Credit Card,Completed,5
ORD-100105,2025-10-25,CUST-1070,Hayden Perez,West,Web,Electronics,Tablet,6,878.9,0,5273.4,Debit Card,Completed,5
ORD-100483,2025-10-26,CUST-1001,Quinn Davis,North,In-Store,Sports,Dumbbells,5,48.4,15,205.7,Bank Transfer,Completed,2
ORD-100056,2025-10-27,CUST-1055,Sam Miller,West,Marketplace,Grocery,Coffee Beans,2,35.63,0,71.26,Credit Card,Completed,5
ORD-100261,2025-10-27,CUST-1029,Sage Allen,Central,Mobile App,Home,Coffee Maker,1,159.87,0,159.87,PayPal,Completed,2
ORD-100325,2025-10-27,CUST-1061,Quinn Sanchez,Central,In-Store,Home,Air Purifier,2,443.69,0,887.38,Credit Card,Completed,1
ORD-100524,2025-10-27,CUST-1062,Finley Anderson,East,Mobile App,Electronics,Tablet,1,1395.44,0,1395.44,Credit Card,Completed,
ORD-100666,2025-10-28,CUST-1086,Drew Walker,South,Mobile App,Clothing,Jeans,4,135.54,0,542.16,Debit Card,Completed,4
ORD-100686,2025-10-28,CUST-1024,Jordan Sanchez,Central,Mobile App,Clothing,T-Shirt,1,146.96,0,146.96,PayPal,Cancelled,
ORD-100306,2025-10-29,CUST-1064,Reese Davis,Central,Web,Home,Coffee Maker,2,397.31,0,794.62,PayPal,Completed,
ORD-100593,2025-10-29,CUST-1007,Taylor Miller,South,In-Store,Grocery,Cereal,2,76.15,0,152.3,Credit Card,Completed,4
ORD-100065,2025-10-30,CUST-1042,Taylor Perez,North,Mobile App,Clothing,Sneakers,1,183.43,0,183.43,Credit Card,Pending,
ORD-100450,2025-10-30,CUST-1114,Morgan Davis,North,Web,Books,Textbook,1,24.85,5,23.61,PayPal,Completed,5
ORD-100577,2025-10-30,CUST-1005,Finley Anderson,West,Web,Home,Lamp,1,450.39,0,450.39,Cash,Completed,5
ORD-100770,2025-11-02,CUST-1022,Reese Perez,East,Marketplace,Sports,Backpack,10,276.53,0,2765.3,Credit Card,Completed,4
ORD-100197,2025-11-03,CUST-1100,Rowan Walker,Central,Mobile App,Beauty,Moisturizer,1,56.69,10,51.02,PayPal,Completed,4
ORD-100204,2025-11-03,CUST-1061,Quinn Sanchez,Central,In-Store,Sports,Running Shoes,2,370.15,5,703.28,Debit Card,Completed,4
ORD-100147,2025-11-05,CUST-1065,Casey Martin,Central,Mobile App,Sports,Running Shoes,1,39.59,5,37.61,PayPal,Completed,1
ORD-100160,2025-11-05,CUST-1013,Finley Rodriguez,East,Marketplace,Beauty,Perfume,2,81.26,0,162.52,Cash,Completed,5
ORD-100268,2025-11-05,CUST-1040,Jamie White,South,In-Store,Books,Atlas,2,56.71,0,113.42,PayPal,Completed,4
ORD-100590,2025-11-05,CUST-1038,Reese Garcia,South,Mobile App,Clothing,Sneakers,5,139.26,15,591.86,Credit Card,Pending,
ORD-100459,2025-11-06,CUST-1119,Avery Smith,Central,Mobile App,Toys,RC Car,3,54.31,0,162.93,Bank Transfer,Completed,4
ORD-100361,2025-11-07,CUST-1060,Emerson Jackson,South,In-Store,Grocery,Olive Oil,1,35.81,0,35.81,Debit Card,Completed,3
ORD-100415,2025-11-07,CUST-1091,Parker Young,East,Web,Clothing,T-Shirt,7,53.62,0,375.34,Cash,Completed,4
ORD-100607,2025-11-07,CUST-1085,Morgan Hall,Central,Web,Electronics,Laptop,1,948.5,0,948.5,Credit Card,Completed,5
ORD-100239,2025-11-08,CUST-1007,Taylor Miller,West,Mobile App,Toys,Action Figure,3,113.69,0,341.07,PayPal,Completed,
ORD-100684,2025-11-09,CUST-1080,Drew Anderson,South,Marketplace,Sports,Yoga Mat,1,45.92,0,45.92,PayPal,Completed,2
ORD-100384,2025-11-10,CUST-1043,Riley Jackson,West,In-Store,Beauty,Shampoo,2,34.74,5,66.01,Credit Card,Pending,
ORD-100563,2025-11-10,CUST-1030,Reese Lee,Central,Mobile App,Clothing,T-Shirt,4,156.2,0,624.8,PayPal,Refunded,
ORD-100716,2025-11-10,CUST-1105,Riley Rodriguez,Central,Mobile App,Home,Blender,1,541.98,10,487.78,Credit Card,Cancelled,
ORD-100754,2025-11-10,CUST-1101,Taylor Clark,West,Web,Clothing,Jacket,2,187.32,20,299.71,Bank Transfer,Pending,
ORD-100086,2025-11-11,CUST-1005,Finley Anderson,West,Web,Toys,RC Car,3,14.36,25,32.31,PayPal,Completed,3
ORD-100264,2025-11-11,CUST-1025,Skylar Jackson,North,Mobile App,Home,Lamp,3,552.89,15,1409.87,Credit Card,Completed,2
ORD-100678,2025-11-11,CUST-1032,Taylor Johnson,West,Marketplace,Grocery,Coffee Beans,7,53.07,20,297.19,Credit Card,Cancelled,
ORD-100100,2025-11-13,CUST-1058,Quinn Jones,East,In-Store,Beauty,Lipstick,2,23.43,0,46.86,Credit Card,Completed,5
ORD-100348,2025-11-14,CUST-1008,Avery Martin,East,In-Store,Books,Biography,2,25.07,5,47.63,Debit Card,Completed,
ORD-100246,2025-11-15,CUST-1031,Jamie Harris,South,Mobile App,Grocery,Tea,2,42.0,10,75.6,Credit Card,Cancelled,
ORD-100658,2025-11-16,CUST-1085,Morgan Hall,North,In-Store,Sports,Tennis Racket,1,173.27,0,173.27,Bank Transfer,Pending,
ORD-100748,2025-11-16,CUST-1013,Finley Rodriguez,West,Marketplace,Home,Coffee Maker,1,239.08,0,239.08,Credit Card,Completed,3
ORD-100074,2025-11-18,CUST-1082,Alex Sanchez,West,In-Store,Electronics,Smart Watch,4,98.38,0,393.52,Credit Card,Cancelled,
ORD-100308,2025-11-19,CUST-1001,Quinn Davis,Central,Web,Toys,RC Car,3,102.75,0,308.25,Debit Card,Completed,3
ORD-100223,2025-11-20,CUST-1034,Drew Williams,East,In-Store,Sports,Tennis Racket,2,262.61,15,446.44,Credit Card,Completed,4
ORD-100396,2025-11-20,CUST-1095,Reese Allen,West,Web,Sports,Running Shoes,3,225.17,15,574.18,Credit Card,Completed,5
ORD-100513,2025-11-20,CUST-1006,Jordan Smith,Central,Marketplace,Toys,Lego Set,2,33.9,0,67.8,PayPal,Completed,3
ORD-100302,2025-11-21,CUST-1054,Finley Allen,East,Web,Sports,Tennis Racket,8,168.74,0,1349.92,Credit Card,Completed,3
ORD-100370,2025-11-22,CUST-1000,Morgan Smith,West,Web,Clothing,Jeans,2,126.05,0,252.1,Credit Card,Completed,
ORD-100555,2025-11-22,CUST-1116,Sam Smith,North,Mobile App,Beauty,Lipstick,1,69.2,20,55.36,Debit Card,Completed,4
ORD-100647,2025-11-22,CUST-1020,Taylor Wilson,Central,Marketplace,Electronics,Laptop,5,832.9,0,4164.5,PayPal,Completed,5
ORD-100787,2025-11-22,CUST-1109,Emerson Clark,South,Web,Clothing,Jacket,2,72.86,0,145.72,Credit Card,Completed,4
ORD-100014,2025-11-23,CUST-1033,Avery Clark,Central,Mobile App,Home,Air Purifier,2,429.29,0,858.58,Credit Card,Cancelled,
ORD-100186,2025-11-23,CUST-1085,Morgan Hall,Central,In-Store,Grocery,Snack Box,2,5.5,0,11.0,Credit Card,Completed,
ORD-100328,2025-11-23,CUST-1041,Quinn Harris,West,In-Store,Clothing,Jacket,2,122.82,20,196.51,PayPal,Completed,2
ORD-100498,2025-11-23,CUST-1045,Skylar Wilson,West,Marketplace,Sports,Running Shoes,6,346.88,0,2081.28,Credit Card,Completed,3
ORD-100162,2025-11-24,CUST-1114,Morgan Davis,South,In-Store,Sports,Tennis Racket,2,57.53,5,109.31,Credit Card,Completed,5
ORD-100139,2025-11-25,CUST-1098,Finley Williams,East,In-Store,Toys,Action Figure,1,90.1,5,85.6,Credit Card,Pending,
ORD-100170,2025-11-25,CUST-1093,Sam Moore,East,Mobile App,Sports,Bike,10,168.43,15,1431.65,Cash,Completed,5
ORD-100338,2025-11-25,CUST-1078,Quinn Clark,North,In-Store,Books,Novel,3,24.69,15,62.96,Bank Transfer,Completed,1
ORD-100599,2025-11-25,CUST-1017,Quinn Jones,Central,Mobile App,Electronics,Tablet,1,493.04,0,493.04,Credit Card,Completed,3
ORD-100570,2025-11-26,CUST-1051,Sam Wilson,North,Marketplace,Beauty,Moisturizer,3,114.61,25,257.87,Debit Card,Completed,5
ORD-100793,2025-11-26,CUST-1065,Casey Martin,East,In-Store,Electronics,Tablet,5,1280.11,0,6400.55,Credit Card,Completed,5
ORD-100346,2025-11-27,CUST-1108,Jamie Young,Central,Web,Home,Vacuum,1,377.79,0,377.79,Credit Card,Completed,4
ORD-100399,2025-11-27,CUST-1049,Jordan Davis,East,In-Store,Sports,Dumbbells,1,183.34,0,183.34,PayPal,Cancelled,
ORD-100293,2025-11-28,CUST-1076,Morgan White,East,In-Store,Toys,Board Game,3,77.44,0,232.32,Credit Card,Completed,3
ORD-100780,2025-11-28,CUST-1105,Riley Rodriguez,North,Mobile App,Home,Blender,4,203.49,10,732.56,Credit Card,Refunded,
ORD-100228,2025-11-29,CUST-1021,Morgan Lopez,North,Web,Electronics,Tablet,3,1102.68,10,2977.24,Credit Card,Completed,5
ORD-100238,2025-11-29,CUST-1087,Parker Perez,North,Marketplace,Clothing,Jacket,3,150.04,15,382.6,Credit Card,Completed,4
ORD-100389,2025-11-29,CUST-1068,Morgan Jones,Central,Marketplace,Home,Lamp,2,410.45,0,820.9,PayPal,Pending,
ORD-100400,2025-11-29,CUST-1095,Reese Allen,East,Marketplace,Toys,RC Car,1,19.58,0,19.58,Credit Card,Completed,3
ORD-100435,2025-11-29,CUST-1049,Jordan Davis,South,Web,Books,Textbook,2,44.9,15,76.33,Credit Card,Completed,5
ORD-100478,2025-11-29,CUST-1009,Sage Smith,West,Marketplace,Toys,Doll,2,92.68,0,185.36,Credit Card,Completed,5
ORD-100036,2025-11-30,CUST-1005,Finley Anderson,West,Mobile App,Electronics,Headphones,1,79.55,0,79.55,Credit Card,Completed,3
ORD-100294,2025-11-30,CUST-1038,Reese Garcia,East,Marketplace,Books,Cookbook,2,20.5,0,41.0,PayPal,Completed,3
ORD-100688,2025-11-30,CUST-1096,Drew Davis,East,In-Store,Beauty,Perfume,2,70.44,0,140.88,Credit Card,Completed,
ORD-100426,2025-12-01,CUST-1108,Jamie Young,East,Mobile App,Electronics,Speaker,4,604.61,0,2418.44,Credit Card,Completed,4
ORD-100775,2025-12-01,CUST-1020,Taylor Wilson,West,Mobile App,Clothing,Hat,1,154.32,0,154.32,Credit Card,Completed,
ORD-100321,2025-12-02,CUST-1085,Morgan Hall,East,Marketplace,Grocery,Tea,2,9.07,0,18.14,Credit Card,Completed,3
ORD-100394,2025-12-02,CUST-1119,Avery Smith,North,Mobile App,Sports,Bike,1,301.6,0,301.6,Credit Card,Completed,5
ORD-100009,2025-12-03,CUST-1074,Quinn Jackson,West,In-Store,Beauty,Perfume,1,89.35,0,89.35,Credit Card,Completed,5
ORD-100093,2025-12-03,CUST-1106,Parker Hall,Central,Mobile App,Toys,Lego Set,1,108.38,0,108.38,Credit Card,Completed,3
ORD-100108,2025-12-03,CUST-1116,Sam Smith,South,Marketplace,Home,Lamp,1,404.9,15,344.17,Credit Card,Completed,4
ORD-100633,2025-12-03,CUST-1059,Avery Sanchez,West,In-Store,Home,Lamp,3,246.42,0,739.26,Bank Transfer,Completed,3
ORD-100727,2025-12-03,CUST-1104,Rowan Jackson,North,Marketplace,Toys,Action Figure,3,16.15,15,41.18,Credit Card,Completed,3
ORD-100776,2025-12-03,CUST-1000,Morgan Smith,Central,Mobile App,Books,Biography,1,57.18,15,48.6,Credit Card,Completed,4
ORD-100520,2025-12-04,CUST-1026,Morgan Young,South,Mobile App,Toys,Lego Set,1,121.53,5,115.45,Bank Transfer,Completed,3
ORD-100685,2025-12-04,CUST-1079,Sam Brown,West,Web,Electronics,Tablet,2,1202.99,15,2045.08,Debit Card,Completed,4
ORD-100774,2025-12-04,CUST-1114,Morgan Davis,South,Web,Clothing,Jeans,5,143.61,0,718.05,Credit Card,Completed,4
ORD-100039,2025-12-05,CUST-1047,Emerson Davis,West,In-Store,Clothing,Hat,3,17.34,0,52.02,Credit Card,Completed,3
ORD-100307,2025-12-05,CUST-1013,Finley Rodriguez,South,Mobile App,Electronics,Laptop,3,654.32,0,1962.96,Debit Card,Completed,3
ORD-100481,2025-12-05,CUST-1007,Taylor Miller,South,Mobile App,Clothing,Jeans,4,179.14,15,609.08,Debit Card,Completed,4
ORD-100790,2025-12-05,CUST-1117,Finley Jackson,North,Mobile App,Electronics,Camera,2,294.37,20,470.99,PayPal,Cancelled,
ORD-100012,2025-12-06,CUST-1013,Finley Rodriguez,South,In-Store,Home,Lamp,1,82.08,0,82.08,Credit Card,Completed,3
ORD-100313,2025-12-06,CUST-1082,Alex Sanchez,South,In-Store,Home,Lamp,2,273.87,5,520.35,PayPal,Completed,5
ORD-100120,2025-12-07,CUST-1085,Morgan Hall,West,Web,Clothing,Hat,8,27.52,0,220.16,Debit Card,Refunded,
ORD-100725,2025-12-07,CUST-1021,Morgan Lopez,Central,Mobile App,Home,Coffee Maker,2,82.46,0,164.92,Debit Card,Completed,4
ORD-100751,2025-12-07,CUST-1051,Sam Wilson,South,Marketplace,Sports,Running Shoes,1,158.51,0,158.51,Credit Card,Completed,5
ORD-100581,2025-12-08,CUST-1043,Riley Jackson,Central,Web,Home,Cookware Set,1,582.27,0,582.27,Debit Card,Refunded,
ORD-100650,2025-12-08,CUST-1100,Rowan Walker,West,In-Store,Home,Air Purifier,2,447.76,0,895.52,Debit Card,Completed,5
ORD-100311,2025-12-09,CUST-1063,Finley Wilson,East,Marketplace,Home,Coffee Maker,4,63.53,10,228.71,Cash,Completed,5
ORD-100355,2025-12-09,CUST-1026,Morgan Young,East,In-Store,Beauty,Moisturizer,2,61.1,0,122.2,Bank Transfer,Completed,4
ORD-100128,2025-12-10,CUST-1081,Riley Thomas,North,Marketplace,Sports,Bike,2,306.21,0,612.42,Credit Card,Pending,
ORD-100445,2025-12-10,CUST-1025,Skylar Jackson,South,Marketplace,Books,Novel,1,57.64,0,57.64,Debit Card,Completed,4
ORD-100179,2025-12-11,CUST-1077,Emerson Clark,East,In-Store,Electronics,Laptop,1,1154.46,10,1039.01,Debit Card,Completed,
ORD-100231,2025-12-13,CUST-1018,Jamie Clark,West,Mobile App,Clothing,Hat,2,127.91,0,255.82,Credit Card,Completed,4
ORD-100380,2025-12-13,CUST-1084,Riley Martin,West,In-Store,Grocery,Cereal,1,69.28,20,55.42,PayPal,Completed,1
ORD-100207,2025-12-14,CUST-1075,Alex White,East,Mobile App,Home,Lamp,10,300.01,0,3000.1,Cash,Completed,5
ORD-100536,2025-12-14,CUST-1105,Riley Rodriguez,South,Web,Toys,RC Car,3,121.99,20,292.78,PayPal,Cancelled,
ORD-100572,2025-12-14,CUST-1041,Quinn Harris,South,Marketplace,Home,Lamp,3,75.87,0,227.61,PayPal,Completed,5
ORD-100166,2025-12-15,CUST-1096,Drew Davis,Central,Mobile App,Clothing,Hat,2,145.2,0,290.4,Debit Card,Completed,4
ORD-100704,2025-12-16,CUST-1108,Jamie Young,North,In-Store,Toys,Puzzle,3,149.72,25,336.87,PayPal,Completed,3
ORD-100198,2025-12-17,CUST-1048,Sam Walker,West,In-Store,Home,Vacuum,1,175.68,0,175.68,Credit Card,Completed,3
ORD-100714,2025-12-17,CUST-1058,Quinn Jones,Central,In-Store,Toys,Puzzle,1,29.98,0,29.98,Credit Card,Completed,2
ORD-100789,2025-12-17,CUST-1086,Drew Walker,South,In-Store,Clothing,Sneakers,1,50.18,10,45.16,Credit Card,Completed,
ORD-100054,2025-12-19,CUST-1038,Reese Garcia,Central,In-Store,Sports,Bike,2,210.17,0,420.34,Credit Card,Completed,5
ORD-100227,2025-12-19,CUST-1116,Sam Smith,East,Web,Home,Air Purifier,1,527.17,15,448.09,Credit Card,Completed,3
ORD-100267,2025-12-19,CUST-1037,Quinn Thomas,South,Web,Home,Vacuum,3,570.3,20,1368.72,Credit Card,Refunded,
ORD-100317,2025-12-19,CUST-1089,Reese Clark,North,Web,Clothing,Sneakers,3,60.99,0,182.97,Debit Card,Completed,4
ORD-100532,2025-12-20,CUST-1042,Taylor Perez,Central,Web,Electronics,Smart Watch,2,441.19,20,705.9,Debit Card,Completed,1
ORD-100283,2025-12-22,CUST-1051,Sam Wilson,North,In-Store,Electronics,Tablet,5,530.67,0,2653.35,PayPal,Cancelled,
ORD-100028,2025-12-23,CUST-1066,Rowan Williams,West,In-Store,Grocery,Coffee Beans,2,73.81,0,147.62,Credit Card,Completed,4
ORD-100529,2025-12-23,CUST-1105,Riley Rodriguez,South,Mobile App,Clothing,Sneakers,2,30.37,10,54.67,Debit Card,Completed,4
ORD-100672,2025-12-23,CUST-1090,Riley Jackson,North,Marketplace,Grocery,Pasta,2,64.05,5,121.69,Credit Card,Completed,4
ORD-100475,2025-12-24,CUST-1059,Avery Sanchez,Central,Mobile App,Clothing,Sneakers,1,134.22,10,120.8,Credit Card,Cancelled,
ORD-100598,2025-12-24,CUST-1033,Avery Clark,South,Web,Clothing,Jacket,2,149.91,0,299.82,Credit Card,Completed,4
ORD-100773,2025-12-25,CUST-1002,Avery Jones,South,Web,Sports,Running Shoes,4,318.8,0,1275.2,Credit Card,Pending,
ORD-100018,2025-12-26,CUST-1013,Finley Rodriguez,South,Mobile App,Sports,Yoga Mat,5,108.41,10,487.85,Credit Card,Completed,5
ORD-100052,2025-12-26,CUST-1110,Jamie Harris,West,Mobile App,Grocery,Coffee Beans,3,74.29,10,200.58,Debit Card,Completed,5
ORD-100602,2025-12-26,CUST-1109,Emerson Clark,North,Web,Home,Coffee Maker,2,268.76,0,537.52,Credit Card,Completed,3
ORD-100763,2025-12-26,CUST-1004,Emerson Williams,West,Mobile App,Beauty,Perfume,2,86.37,0,172.74,PayPal,Completed,5
ORD-100068,2025-12-27,CUST-1111,Drew Wilson,East,In-Store,Clothing,Sneakers,1,70.4,0,70.4,Credit Card,Completed,4
ORD-100566,2025-12-27,CUST-1036,Morgan Wilson,South,Marketplace,Electronics,Laptop,1,217.8,0,217.8,Debit Card,Completed,4
ORD-100501,2025-12-29,CUST-1015,Riley Harris,South,Web,Clothing,Hat,1,136.43,15,115.97,Debit Card,Refunded,
ORD-100639,2025-12-29,CUST-1056,Rowan Wilson,West,Mobile App,Grocery,Snack Box,5,16.57,0,82.85,PayPal,Completed,
ORD-100133,2025-12-30,CUST-1008,Avery Martin,North,Mobile App,Toys,Board Game,5,109.65,20,438.6,Debit Card,Completed,
ORD-100137,2025-12-30,CUST-1028,Emerson Martinez,East,Mobile App,Beauty,Hair Dryer,5,103.36,0,516.8,Debit Card,Completed,4
ORD-100220,2025-12-30,CUST-1078,Quinn Clark,Central,In-Store,Sports,Dumbbells,3,319.32,10,862.16,PayPal,Completed,4
ORD-100612,2025-12-30,CUST-1071,Taylor Wilson,South,In-Store,Grocery,Pasta,2,68.44,15,116.35,Credit Card,Completed,2
ORD-100327,2025-12-31,CUST-1094,Alex Brown,Central,Mobile App,Books,Cookbook,1,45.15,5,42.89,Cash,Completed,4
ORD-100651,2025-12-31,CUST-1054,Finley Allen,Central,Marketplace,Sports,Yoga Mat,1,184.33,0,184.33,Credit Card,Completed,4
